"station_id","num_docks_available","num_docks_disabled","num_bikes_available","num_ebikes_available","num_bikes_disabled","last_updated","total_bikes_available"
"13c42471-96ab-441d-9a4c-bc57f7af6f9b",5,0,7,0,0,2022-12-09 12:33:40,12
"e976c0ab-bc21-42b3-a2c2-b90def6f54f4",3,0,9,0,0,2022-12-09 12:33:40,12
"e823318f-8406-4230-8072-1667f5de78d4",16,0,3,0,0,2022-12-09 12:33:40,19
"3c6a1bf0-3aac-4406-990d-966cc8edca52",3,0,8,0,0,2022-12-09 12:33:40,11
"8aa43882-2e93-41fb-b55d-a6a15b5b446b",1,0,9,0,2,2022-12-09 12:33:40,8
"1",14,0,1,0,0,2022-12-09 12:33:40,15
"3",4,0,13,0,0,2022-12-09 12:33:40,17
"4",12,0,4,0,0,2022-12-09 12:33:40,16
"5",9,0,3,0,0,2022-12-09 12:33:40,12
"6",5,0,14,0,0,2022-12-09 12:33:40,19
"7",4,0,12,0,0,2022-12-09 12:33:40,16
"8",12,0,7,0,0,2022-12-09 12:33:40,19
"10",10,0,2,0,0,2022-12-09 12:33:40,12
"11",5,0,6,0,0,2022-12-09 12:33:40,11
"12",16,0,1,1,0,2022-12-09 12:33:40,18
"13",8,0,4,0,0,2022-12-09 12:33:40,12
"14",0,0,15,1,0,2022-12-09 12:33:40,16
"15",27,0,3,1,1,2022-12-09 12:33:40,30
"16",29,0,10,0,0,2022-12-09 12:33:40,39
"18",18,0,1,0,0,2022-12-09 12:33:40,19
"19",18,0,0,0,1,2022-12-09 12:33:40,17
"20",19,0,4,0,0,2022-12-09 12:33:40,23
"21",18,0,1,0,0,2022-12-09 12:33:40,19
"22",6,0,17,0,0,2022-12-09 12:33:40,23
"23",12,0,7,1,0,2022-12-09 12:33:40,20
"24",17,0,2,0,0,2022-12-09 12:33:40,19
"25",16,0,7,0,0,2022-12-09 12:33:40,23
"26",2,0,13,0,0,2022-12-09 12:33:40,15
"27",10,0,25,1,0,2022-12-09 12:33:40,36
"28",14,0,5,0,0,2022-12-09 12:33:40,19
"29",10,0,9,0,0,2022-12-09 12:33:40,19
"30",9,0,1,0,0,2022-12-09 12:33:40,10
"31",15,0,4,1,0,2022-12-09 12:33:40,20
"32",0,0,14,1,0,2022-12-09 12:33:40,15
"33",32,0,2,1,0,2022-12-09 12:33:40,35
"34",14,0,5,0,0,2022-12-09 12:33:40,19
"35",10,0,1,0,0,2022-12-09 12:33:40,11
"36",3,0,8,1,0,2022-12-09 12:33:40,12
"37",3,0,12,0,0,2022-12-09 12:33:40,15
"38",3,0,8,0,0,2022-12-09 12:33:40,11
"39",6,0,13,0,0,2022-12-09 12:33:40,19
"40",3,0,7,0,0,2022-12-09 12:33:40,10
"41",0,0,10,1,1,2022-12-09 12:33:40,10
"42",11,0,2,1,1,2022-12-09 12:33:40,13
"43",14,0,1,0,0,2022-12-09 12:33:40,15
"44",13,0,0,0,1,2022-12-09 12:33:40,12
"45",10,0,29,1,0,2022-12-09 12:33:40,40
"46",13,0,1,0,1,2022-12-09 12:33:40,13
"47",4,0,11,0,0,2022-12-09 12:33:40,15
"48",13,0,2,0,0,2022-12-09 12:33:40,15
"49",11,0,5,0,1,2022-12-09 12:33:40,15
"51",7,0,37,2,1,2022-12-09 12:33:40,45
"52",10,0,5,1,0,2022-12-09 12:33:40,16
"53",1,0,16,1,1,2022-12-09 12:33:40,17
"54",6,0,16,0,1,2022-12-09 12:33:40,21
"55",4,0,10,0,1,2022-12-09 12:33:40,13
"56",2,0,9,0,0,2022-12-09 12:33:40,11
"57",7,0,7,2,0,2022-12-09 12:33:40,16
"58",12,0,2,0,0,2022-12-09 12:33:40,14
"59",15,0,3,0,1,2022-12-09 12:33:40,17
"60",11,0,4,0,0,2022-12-09 12:33:40,15
"61",6,0,9,0,0,2022-12-09 12:33:40,15
"62",5,0,6,1,0,2022-12-09 12:33:40,12
"63",14,0,1,0,0,2022-12-09 12:33:40,15
"64",14,0,5,1,0,2022-12-09 12:33:40,20
"65",4,0,7,1,0,2022-12-09 12:33:40,12
"66",9,0,0,0,1,2022-12-09 12:33:40,8
"67",6,0,4,0,0,2022-12-09 12:33:40,10
"68",7,0,8,0,0,2022-12-09 12:33:40,15
"69",1,0,22,0,0,2022-12-09 12:33:40,23
"70",10,0,1,0,0,2022-12-09 12:33:40,11
"71",5,0,34,0,0,2022-12-09 12:33:40,39
"72",1,0,18,0,0,2022-12-09 12:33:40,19
"73",7,0,3,0,0,2022-12-09 12:33:40,10
"74",2,0,12,0,0,2022-12-09 12:33:40,14
"75",7,0,8,1,0,2022-12-09 12:33:40,16
"76",13,0,18,1,0,2022-12-09 12:33:40,32
"77",4,0,15,0,0,2022-12-09 12:33:40,19
"78",10,0,9,0,0,2022-12-09 12:33:40,19
"79",0,0,27,0,0,2022-12-09 12:33:40,27
"80",15,0,0,0,0,2022-12-09 12:33:40,15
"81",9,0,18,0,0,2022-12-09 12:33:40,27
"82",28,0,3,0,0,2022-12-09 12:33:40,31
"83",9,0,10,0,0,2022-12-09 12:33:40,19
"84",10,0,10,0,2,2022-12-09 12:33:40,18
"85",13,0,2,0,0,2022-12-09 12:33:40,15
"86",0,0,19,0,0,2022-12-09 12:33:40,19
"87",0,0,23,0,0,2022-12-09 12:33:40,23
"88",2,0,17,0,0,2022-12-09 12:33:40,19
"89",22,0,1,0,0,2022-12-09 12:33:40,23
"90",10,0,1,1,0,2022-12-09 12:33:40,12
"91",0,0,23,1,0,2022-12-09 12:33:40,24
"92",7,0,26,1,0,2022-12-09 12:33:40,34
"93",19,0,0,0,0,2022-12-09 12:33:40,19
"94",9,0,12,1,0,2022-12-09 12:33:40,22
"95",10,0,13,0,0,2022-12-09 12:33:40,23
"96",10,0,7,0,2,2022-12-09 12:33:40,15
"97",10,0,5,1,0,2022-12-09 12:33:40,16
"98",11,0,0,0,0,2022-12-09 12:33:40,11
"99",14,0,9,1,1,2022-12-09 12:33:40,23
"100",5,0,5,2,0,2022-12-09 12:33:40,12
"101",17,0,12,0,0,2022-12-09 12:33:40,29
"102",22,0,0,0,0,2022-12-09 12:33:40,22
"103",2,0,37,1,0,2022-12-09 12:33:40,40
"104",11,0,14,0,0,2022-12-09 12:33:40,25
"105",19,0,8,0,0,2022-12-09 12:33:40,27
"106",16,0,19,1,0,2022-12-09 12:33:40,36
"107",8,0,11,0,0,2022-12-09 12:33:40,19
"108",7,0,8,0,0,2022-12-09 12:33:40,15
"109",20,0,15,2,0,2022-12-09 12:33:40,37
"110",4,0,19,2,0,2022-12-09 12:33:40,25
"112",4,0,10,0,1,2022-12-09 12:33:40,13
"113",1,0,53,0,0,2022-12-09 12:33:40,54
"114",18,0,5,0,0,2022-12-09 12:33:40,23
"115",23,0,0,0,0,2022-12-09 12:33:40,23
"116",15,0,0,0,0,2022-12-09 12:33:40,15
"117",0,0,22,0,1,2022-12-09 12:33:40,21
"118",9,0,6,0,0,2022-12-09 12:33:40,15
"124",10,0,20,0,1,2022-12-09 12:33:40,29
"125",3,0,12,0,0,2022-12-09 12:33:40,15
"126",5,0,13,1,1,2022-12-09 12:33:40,18
"127",0,0,15,0,0,2022-12-09 12:33:40,15
"128",14,0,5,1,0,2022-12-09 12:33:40,20
"129",11,0,4,0,0,2022-12-09 12:33:40,15
"130",14,0,1,1,0,2022-12-09 12:33:40,16
"131",2,0,10,0,0,2022-12-09 12:33:40,12
"132",11,0,4,0,0,2022-12-09 12:33:40,15
"133",0,0,15,0,0,2022-12-09 12:33:40,15
"134",3,0,12,2,0,2022-12-09 12:33:40,17
"135",9,0,10,0,0,2022-12-09 12:33:40,19
"136",6,0,17,0,0,2022-12-09 12:33:40,23
"137",31,0,2,1,0,2022-12-09 12:33:40,34
"138",12,0,0,0,0,2022-12-09 12:33:40,12
"139",13,0,2,0,0,2022-12-09 12:33:40,15
"140",13,0,8,0,0,2022-12-09 12:33:40,21
"141",3,0,23,1,1,2022-12-09 12:33:40,26
"142",0,0,39,0,0,2022-12-09 12:33:40,39
"143",0,0,19,0,0,2022-12-09 12:33:40,19
"144",16,0,3,1,0,2022-12-09 12:33:40,20
"145",13,0,1,0,1,2022-12-09 12:33:40,13
"146",6,0,8,0,0,2022-12-09 12:33:40,14
"147",14,0,0,0,0,2022-12-09 12:33:40,14
"148",25,0,1,0,0,2022-12-09 12:33:40,26
"149",19,0,0,0,0,2022-12-09 12:33:40,19
"150",4,0,14,0,0,2022-12-09 12:33:40,18
"151",14,0,1,0,0,2022-12-09 12:33:40,15
"152",10,0,5,0,0,2022-12-09 12:33:40,15
"153",0,0,19,0,0,2022-12-09 12:33:40,19
"154",12,0,3,0,0,2022-12-09 12:33:40,15
"155",10,0,4,0,1,2022-12-09 12:33:40,13
"156",10,0,2,0,0,2022-12-09 12:33:40,12
"157",4,0,7,0,0,2022-12-09 12:33:40,11
"158",16,0,0,0,0,2022-12-09 12:33:40,16
"159",3,0,20,1,0,2022-12-09 12:33:40,24
"160",11,0,1,0,0,2022-12-09 12:33:40,12
"161",15,0,2,0,0,2022-12-09 12:33:40,17
"162",21,0,2,0,0,2022-12-09 12:33:40,23
"163",19,0,0,0,0,2022-12-09 12:33:40,19
"164",5,0,10,0,0,2022-12-09 12:33:40,15
"165",13,0,6,0,0,2022-12-09 12:33:40,19
"166",8,0,4,0,0,2022-12-09 12:33:40,12
"167",10,0,5,0,0,2022-12-09 12:33:40,15
"168",20,0,2,0,0,2022-12-09 12:33:40,22
"169",3,0,32,1,0,2022-12-09 12:33:40,36
"170",11,0,3,0,1,2022-12-09 12:33:40,13
"171",1,0,15,0,1,2022-12-09 12:33:40,15
"172",6,0,6,1,0,2022-12-09 12:33:40,13
"173",0,0,15,0,0,2022-12-09 12:33:40,15
"174",13,0,2,1,0,2022-12-09 12:33:40,16
"175",4,0,8,0,0,2022-12-09 12:33:40,12
"176",13,0,9,0,0,2022-12-09 12:33:40,22
"177",6,0,9,0,0,2022-12-09 12:33:40,15
"178",15,0,7,0,1,2022-12-09 12:33:40,21
"179",7,0,7,0,1,2022-12-09 12:33:40,13
"180",10,0,1,0,0,2022-12-09 12:33:40,11
"181",10,0,4,0,0,2022-12-09 12:33:40,14
"182",2,0,8,0,0,2022-12-09 12:33:40,10
"183",16,0,3,0,0,2022-12-09 12:33:40,19
"185",0,0,19,0,0,2022-12-09 12:33:40,19
"186",15,0,4,0,0,2022-12-09 12:33:40,19
"187",0,0,19,0,0,2022-12-09 12:33:40,19
"188",0,0,22,1,1,2022-12-09 12:33:40,22
"189",11,0,7,2,0,2022-12-09 12:33:40,20
"190",4,0,11,2,0,2022-12-09 12:33:40,17
"191",12,1,1,1,0,2022-12-09 12:33:40,13
"192",0,0,15,0,0,2022-12-09 12:33:40,15
"193",9,0,17,0,1,2022-12-09 12:33:40,25
"194",8,0,7,0,0,2022-12-09 12:33:40,15
"195",16,0,1,0,0,2022-12-09 12:33:40,17
"196",19,0,10,0,0,2022-12-09 12:33:40,29
"197",22,0,1,0,0,2022-12-09 12:33:40,23
"198",1,0,13,0,0,2022-12-09 12:33:40,14
"199",0,0,14,0,1,2022-12-09 12:33:40,13
"200",2,0,10,0,2,2022-12-09 12:33:40,10
"202",8,0,4,0,0,2022-12-09 12:33:40,12
"203",11,0,0,0,0,2022-12-09 12:33:40,11
"204",16,0,8,0,0,2022-12-09 12:33:40,24
"206",0,0,15,2,0,2022-12-09 12:33:40,17
"207",14,0,5,1,0,2022-12-09 12:33:40,20
"208",15,0,0,0,0,2022-12-09 12:33:40,15
"209",5,0,10,0,0,2022-12-09 12:33:40,15
"210",11,0,11,0,1,2022-12-09 12:33:40,21
"211",15,0,0,0,0,2022-12-09 12:33:40,15
"212",5,0,7,0,0,2022-12-09 12:33:40,12
"213",7,0,8,0,0,2022-12-09 12:33:40,15
"214",21,0,0,0,1,2022-12-09 12:33:40,20
"215",12,0,3,0,0,2022-12-09 12:33:40,15
"216",11,0,6,4,0,2022-12-09 12:33:40,21
"217",10,0,9,0,0,2022-12-09 12:33:40,19
"218",6,0,12,0,0,2022-12-09 12:33:40,18
"219",10,0,2,0,0,2022-12-09 12:33:40,12
"220",5,0,7,1,0,2022-12-09 12:33:40,13
"221",4,0,8,1,0,2022-12-09 12:33:40,13
"222",3,0,9,0,0,2022-12-09 12:33:40,12
"223",5,0,10,0,0,2022-12-09 12:33:40,15
"224",2,0,9,2,0,2022-12-09 12:33:40,13
"225",4,0,11,0,0,2022-12-09 12:33:40,15
"226",18,0,1,0,0,2022-12-09 12:33:40,19
"227",7,0,10,0,0,2022-12-09 12:33:40,17
"228",21,0,2,0,0,2022-12-09 12:33:40,23
"229",3,0,16,0,0,2022-12-09 12:33:40,19
"230",15,0,0,0,0,2022-12-09 12:33:40,15
"231",9,0,1,0,1,2022-12-09 12:33:40,9
"232",7,0,8,0,0,2022-12-09 12:33:40,15
"233",11,0,0,0,0,2022-12-09 12:33:40,11
"234",20,0,3,0,0,2022-12-09 12:33:40,23
"235",3,0,12,1,0,2022-12-09 12:33:40,16
"236",6,0,12,1,1,2022-12-09 12:33:40,18
"237",6,0,8,3,0,2022-12-09 12:33:40,17
"239",5,0,5,2,0,2022-12-09 12:33:40,12
"240",9,0,2,0,0,2022-12-09 12:33:40,11
"241",9,0,5,0,0,2022-12-09 12:33:40,14
"242",30,0,0,0,1,2022-12-09 12:33:40,29
"243",3,0,8,0,0,2022-12-09 12:33:40,11
"244",8,0,9,0,0,2022-12-09 12:33:40,17
"245",3,0,8,0,0,2022-12-09 12:33:40,11
"246",8,0,3,0,0,2022-12-09 12:33:40,11
"247",6,0,7,0,0,2022-12-09 12:33:40,13
"248",4,0,11,0,0,2022-12-09 12:33:40,15
"249",13,0,2,0,0,2022-12-09 12:33:40,15
"250",18,0,0,0,0,2022-12-09 12:33:40,18
"251",1,0,26,0,0,2022-12-09 12:33:40,27
"252",0,0,31,2,0,2022-12-09 12:33:40,33
"253",4,0,10,0,1,2022-12-09 12:33:40,13
"254",15,0,0,0,0,2022-12-09 12:33:40,15
"255",12,0,0,0,0,2022-12-09 12:33:40,12
"256",4,0,11,0,0,2022-12-09 12:33:40,15
"257",9,0,2,0,0,2022-12-09 12:33:40,11
"258",6,0,9,1,0,2022-12-09 12:33:40,16
"259",16,0,3,0,0,2022-12-09 12:33:40,19
"260",11,0,0,0,0,2022-12-09 12:33:40,11
"261",12,0,7,0,0,2022-12-09 12:33:40,19
"262",12,0,6,0,1,2022-12-09 12:33:40,17
"263",9,0,2,0,0,2022-12-09 12:33:40,11
"264",7,0,8,0,0,2022-12-09 12:33:40,15
"265",11,0,0,0,0,2022-12-09 12:33:40,11
"266",5,0,4,0,0,2022-12-09 12:33:40,9
"268",4,0,15,0,0,2022-12-09 12:33:40,19
"269",11,0,8,0,0,2022-12-09 12:33:40,19
"270",10,0,1,0,0,2022-12-09 12:33:40,11
"271",17,0,2,0,0,2022-12-09 12:33:40,19
"272",15,0,0,0,0,2022-12-09 12:33:40,15
"273",8,0,11,0,0,2022-12-09 12:33:40,19
"274",19,0,0,0,0,2022-12-09 12:33:40,19
"275",15,0,0,0,0,2022-12-09 12:33:40,15
"277",8,0,7,0,0,2022-12-09 12:33:40,15
"278",9,0,6,1,0,2022-12-09 12:33:40,16
"279",11,0,4,0,0,2022-12-09 12:33:40,15
"280",15,0,0,0,0,2022-12-09 12:33:40,15
"282",13,0,2,0,0,2022-12-09 12:33:40,15
"283",9,0,5,2,0,2022-12-09 12:33:40,16
"284",18,0,3,0,0,2022-12-09 12:33:40,21
"285",7,0,3,0,0,2022-12-09 12:33:40,10
"286",12,0,3,0,0,2022-12-09 12:33:40,15
"287",5,0,10,1,0,2022-12-09 12:33:40,16
"288",8,0,6,0,0,2022-12-09 12:33:40,14
"289",10,0,1,0,0,2022-12-09 12:33:40,11
"290",10,0,1,0,0,2022-12-09 12:33:40,11
"293",6,0,9,0,0,2022-12-09 12:33:40,15
"294",10,0,9,0,0,2022-12-09 12:33:40,19
"295",14,0,0,0,0,2022-12-09 12:33:40,14
"296",9,0,2,0,0,2022-12-09 12:33:40,11
"297",10,0,5,1,0,2022-12-09 12:33:40,16
"298",16,0,2,0,0,2022-12-09 12:33:40,18
"299",8,0,7,0,0,2022-12-09 12:33:40,15
"301",16,0,3,0,0,2022-12-09 12:33:40,19
"302",8,0,11,1,0,2022-12-09 12:33:40,20
"303",2,0,9,1,0,2022-12-09 12:33:40,12
"304",13,0,2,0,0,2022-12-09 12:33:40,15
"305",10,0,7,1,0,2022-12-09 12:33:40,18
"306",2,0,9,1,0,2022-12-09 12:33:40,12
"307",11,0,4,0,1,2022-12-09 12:33:40,14
"308",10,0,9,0,0,2022-12-09 12:33:40,19
"309",19,0,0,0,0,2022-12-09 12:33:40,19
"310",17,0,1,0,1,2022-12-09 12:33:40,17
"311",6,0,5,0,0,2022-12-09 12:33:40,11
"312",6,0,9,0,0,2022-12-09 12:33:40,15
"313",4,0,10,1,0,2022-12-09 12:33:40,15
"314",10,0,5,0,0,2022-12-09 12:33:40,15
"315",7,0,8,0,0,2022-12-09 12:33:40,15
"316",13,0,6,0,0,2022-12-09 12:33:40,19
"317",11,0,0,0,0,2022-12-09 12:33:40,11
"318",12,0,1,0,0,2022-12-09 12:33:40,13
"319",7,0,8,1,0,2022-12-09 12:33:40,16
"320",16,0,3,1,0,2022-12-09 12:33:40,20
"321",13,0,5,2,0,2022-12-09 12:33:40,20
"322",14,0,5,1,0,2022-12-09 12:33:40,20
"323",8,0,3,0,0,2022-12-09 12:33:40,11
"324",3,0,11,0,1,2022-12-09 12:33:40,13
"325",14,0,5,0,0,2022-12-09 12:33:40,19
"326",9,0,10,0,0,2022-12-09 12:33:40,19
"327",14,0,4,0,1,2022-12-09 12:33:40,17
"328",12,0,0,0,0,2022-12-09 12:33:40,12
"329",5,0,14,0,0,2022-12-09 12:33:40,19
"330",0,0,18,0,1,2022-12-09 12:33:40,17
"331",12,0,3,0,0,2022-12-09 12:33:40,15
"332",13,0,2,0,0,2022-12-09 12:33:40,15
"333",8,0,7,1,0,2022-12-09 12:33:40,16
"334",3,0,19,0,1,2022-12-09 12:33:40,21
"335",15,0,0,0,0,2022-12-09 12:33:40,15
"336",4,0,13,0,2,2022-12-09 12:33:40,15
"337",13,0,2,0,0,2022-12-09 12:33:40,15
"338",6,0,5,0,0,2022-12-09 12:33:40,11
"339",18,0,1,0,0,2022-12-09 12:33:40,19
"340",11,0,0,0,0,2022-12-09 12:33:40,11
"341",8,0,7,0,0,2022-12-09 12:33:40,15
"342",9,0,5,0,1,2022-12-09 12:33:40,13
"343",0,0,14,1,0,2022-12-09 12:33:40,15
"344",8,0,13,0,0,2022-12-09 12:33:40,21
"345",3,0,11,0,1,2022-12-09 12:33:40,13
"346",6,0,9,0,0,2022-12-09 12:33:40,15
"347",18,0,1,0,0,2022-12-09 12:33:40,19
"348",8,0,14,1,0,2022-12-09 12:33:40,23
"349",20,0,15,1,0,2022-12-09 12:33:40,36
"350",14,0,1,0,0,2022-12-09 12:33:40,15
"351",17,0,2,0,0,2022-12-09 12:33:40,19
"352",10,0,5,1,0,2022-12-09 12:33:40,16
"353",9,0,13,0,0,2022-12-09 12:33:40,22
"354",10,0,4,0,0,2022-12-09 12:33:40,14
"355",11,0,4,0,0,2022-12-09 12:33:40,15
"356",13,0,2,0,0,2022-12-09 12:33:40,15
"357",12,0,11,1,0,2022-12-09 12:33:40,24
"358",16,0,2,1,0,2022-12-09 12:33:40,19
"359",8,0,7,0,0,2022-12-09 12:33:40,15
"364",9,0,2,1,0,2022-12-09 12:33:40,12
"365",0,0,19,0,0,2022-12-09 12:33:40,19
"367",17,0,6,0,0,2022-12-09 12:33:40,23
"368",3,0,12,0,0,2022-12-09 12:33:40,15
"369",10,0,11,0,2,2022-12-09 12:33:40,19
"370",12,0,5,1,1,2022-12-09 12:33:40,17
"371",17,0,2,0,0,2022-12-09 12:33:40,19
"373",4,0,15,0,0,2022-12-09 12:33:40,19
"374",17,0,0,0,2,2022-12-09 12:33:40,15
"375",12,0,10,1,1,2022-12-09 12:33:40,22
"376",19,0,0,0,0,2022-12-09 12:33:40,19
"377",3,0,11,3,0,2022-12-09 12:33:40,17
"378",9,0,6,0,0,2022-12-09 12:33:40,15
"379",8,0,11,0,0,2022-12-09 12:33:40,19
"380",10,0,4,0,0,2022-12-09 12:33:40,14
"381",3,0,12,0,0,2022-12-09 12:33:40,15
"382",12,0,3,0,0,2022-12-09 12:33:40,15
"383",17,0,1,1,0,2022-12-09 12:33:40,19
"384",9,0,2,0,0,2022-12-09 12:33:40,11
"385",16,0,3,2,0,2022-12-09 12:33:40,21
"386",19,0,0,0,0,2022-12-09 12:33:40,19
"387",16,0,2,0,1,2022-12-09 12:33:40,17
"388",12,0,3,0,0,2022-12-09 12:33:40,15
"389",9,0,2,0,0,2022-12-09 12:33:40,11
"390",4,0,15,1,0,2022-12-09 12:33:40,20
"391",13,0,1,0,1,2022-12-09 12:33:40,13
"392",14,0,5,1,0,2022-12-09 12:33:40,20
"393",0,0,19,0,0,2022-12-09 12:33:40,19
"394",3,0,16,0,0,2022-12-09 12:33:40,19
"395",12,0,7,0,0,2022-12-09 12:33:40,19
"396",4,0,11,0,0,2022-12-09 12:33:40,15
"397",21,0,2,0,0,2022-12-09 12:33:40,23
"398",9,0,10,0,0,2022-12-09 12:33:40,19
"399",13,0,5,0,0,2022-12-09 12:33:40,18
"400",12,0,11,0,0,2022-12-09 12:33:40,23
"401",7,0,12,0,0,2022-12-09 12:33:40,19
"402",21,0,2,0,0,2022-12-09 12:33:40,23
"403",12,0,11,0,0,2022-12-09 12:33:40,23
"404",7,0,12,0,0,2022-12-09 12:33:40,19
"405",3,0,11,0,0,2022-12-09 12:33:40,14
"406",6,0,9,0,0,2022-12-09 12:33:40,15
"407",7,0,8,0,0,2022-12-09 12:33:40,15
"408",11,0,19,0,1,2022-12-09 12:33:40,29
"409",16,0,3,0,0,2022-12-09 12:33:40,19
"410",15,0,4,0,0,2022-12-09 12:33:40,19
"411",14,0,5,0,0,2022-12-09 12:33:40,19
"412",0,0,14,0,0,2022-12-09 12:33:40,14
"413",15,0,7,0,1,2022-12-09 12:33:40,21
"414",0,0,15,0,0,2022-12-09 12:33:40,15
"415",13,0,1,0,1,2022-12-09 12:33:40,13
"416",9,0,6,1,0,2022-12-09 12:33:40,16
"417",8,0,11,0,0,2022-12-09 12:33:40,19
"418",31,0,0,0,0,2022-12-09 12:33:40,31
"419",6,0,19,0,0,2022-12-09 12:33:40,25
"420",24,0,0,0,0,2022-12-09 12:33:40,24
"421",11,0,8,0,0,2022-12-09 12:33:40,19
"422",11,0,4,0,0,2022-12-09 12:33:40,15
"423",19,0,4,0,0,2022-12-09 12:33:40,23
"424",9,0,6,0,0,2022-12-09 12:33:40,15
"425",6,0,5,1,0,2022-12-09 12:33:40,12
"427",6,0,5,0,0,2022-12-09 12:33:40,11
"428",8,0,3,1,0,2022-12-09 12:33:40,12
"429",11,0,0,0,0,2022-12-09 12:33:40,11
"430",7,0,6,0,0,2022-12-09 12:33:40,13
"431",4,0,7,0,0,2022-12-09 12:33:40,11
"432",5,0,6,0,0,2022-12-09 12:33:40,11
"433",4,0,7,0,0,2022-12-09 12:33:40,11
"434",13,0,2,0,0,2022-12-09 12:33:40,15
"435",11,0,3,0,0,2022-12-09 12:33:40,14
"436",7,0,8,0,0,2022-12-09 12:33:40,15
"437",0,0,15,0,0,2022-12-09 12:33:40,15
"438",16,0,1,0,0,2022-12-09 12:33:40,17
"439",2,0,15,1,0,2022-12-09 12:33:40,18
"440",3,0,16,0,0,2022-12-09 12:33:40,19
"441",15,0,4,0,0,2022-12-09 12:33:40,19
"442",10,0,4,0,1,2022-12-09 12:33:40,13
"443",2,0,21,0,0,2022-12-09 12:33:40,23
"444",15,0,4,1,0,2022-12-09 12:33:40,20
"445",11,0,4,0,0,2022-12-09 12:33:40,15
"446",6,0,9,0,0,2022-12-09 12:33:40,15
"447",6,0,5,0,0,2022-12-09 12:33:40,11
"448",1,0,14,0,0,2022-12-09 12:33:40,15
"449",13,0,2,0,0,2022-12-09 12:33:40,15
"450",6,0,5,1,0,2022-12-09 12:33:40,12
"451",9,0,6,0,0,2022-12-09 12:33:40,15
"452",12,0,3,0,0,2022-12-09 12:33:40,15
"453",17,0,2,0,0,2022-12-09 12:33:40,19
"454",19,0,0,0,0,2022-12-09 12:33:40,19
"455",2,0,13,1,0,2022-12-09 12:33:40,16
"456",11,0,4,2,0,2022-12-09 12:33:40,17
"457",4,0,7,0,0,2022-12-09 12:33:40,11
"458",8,0,10,0,1,2022-12-09 12:33:40,17
"459",10,0,5,1,0,2022-12-09 12:33:40,16
"460",4,0,11,1,0,2022-12-09 12:33:40,16
"461",7,0,8,3,0,2022-12-09 12:33:40,18
"462",17,0,1,0,0,2022-12-09 12:33:40,18
"463",13,0,2,0,0,2022-12-09 12:33:40,15
"464",13,0,2,1,0,2022-12-09 12:33:40,16
"465",10,0,5,3,0,2022-12-09 12:33:40,18
"466",6,0,9,1,0,2022-12-09 12:33:40,16
"467",2,0,9,0,0,2022-12-09 12:33:40,11
"468",8,0,2,0,0,2022-12-09 12:33:40,10
"469",17,0,2,0,0,2022-12-09 12:33:40,19
"470",6,0,13,0,0,2022-12-09 12:33:40,19
"471",6,0,13,0,0,2022-12-09 12:33:40,19
"472",13,0,6,0,0,2022-12-09 12:33:40,19
"473",10,0,8,1,1,2022-12-09 12:33:40,18
"474",21,0,2,0,0,2022-12-09 12:33:40,23
"475",3,0,12,0,0,2022-12-09 12:33:40,15
"476",8,0,6,0,1,2022-12-09 12:33:40,13
"477",10,0,5,0,0,2022-12-09 12:33:40,15
"478",4,0,7,0,0,2022-12-09 12:33:40,11
"479",9,0,2,0,0,2022-12-09 12:33:40,11
"480",8,0,7,0,0,2022-12-09 12:33:40,15
"481",10,0,1,0,0,2022-12-09 12:33:40,11
"482",1,0,18,0,0,2022-12-09 12:33:40,19
"483",15,0,4,0,0,2022-12-09 12:33:40,19
"484",19,0,0,0,0,2022-12-09 12:33:40,19
"485",1,0,18,2,0,2022-12-09 12:33:40,21
"486",11,0,4,0,0,2022-12-09 12:33:40,15
"487",17,0,1,1,0,2022-12-09 12:33:40,19
"488",8,0,11,0,0,2022-12-09 12:33:40,19
"490",0,0,19,0,0,2022-12-09 12:33:40,19
"491",7,0,8,0,0,2022-12-09 12:33:40,15
"492",8,0,3,0,0,2022-12-09 12:33:40,11
"493",14,0,5,1,0,2022-12-09 12:33:40,20
"494",1,0,18,0,0,2022-12-09 12:33:40,19
"495",8,0,3,0,0,2022-12-09 12:33:40,11
"496",14,0,5,0,0,2022-12-09 12:33:40,19
"497",3,0,16,0,0,2022-12-09 12:33:40,19
"498",9,0,6,1,0,2022-12-09 12:33:40,16
"499",15,0,4,2,0,2022-12-09 12:33:40,21
"500",11,0,4,0,0,2022-12-09 12:33:40,15
"501",7,0,11,0,0,2022-12-09 12:33:40,18
"505",15,0,0,0,0,2022-12-09 12:33:40,15
"506",18,0,1,0,0,2022-12-09 12:33:40,19
"507",10,0,5,1,0,2022-12-09 12:33:40,16
"508",14,0,5,0,0,2022-12-09 12:33:40,19
"509",13,0,6,0,0,2022-12-09 12:33:40,19
"510",17,0,2,0,0,2022-12-09 12:33:40,19
"511",12,0,2,0,0,2022-12-09 12:33:40,14
"512",15,0,10,0,0,2022-12-09 12:33:40,25
"513",10,0,5,1,0,2022-12-09 12:33:40,16
"514",13,0,2,0,0,2022-12-09 12:33:40,15
"515",12,0,4,0,0,2022-12-09 12:33:40,16
"516",4,0,11,0,0,2022-12-09 12:33:40,15
"517",6,0,8,0,0,2022-12-09 12:33:40,14
"518",8,0,7,0,0,2022-12-09 12:33:40,15
"519",4,0,11,1,0,2022-12-09 12:33:40,16
"520",8,0,5,0,0,2022-12-09 12:33:40,13
"521",4,0,11,1,0,2022-12-09 12:33:40,16
"522",17,0,0,0,0,2022-12-09 12:33:40,17
"523",5,0,11,0,0,2022-12-09 12:33:40,16
"524",1,0,14,0,0,2022-12-09 12:33:40,15
"525",0,0,15,0,0,2022-12-09 12:33:40,15
"527",9,0,13,0,1,2022-12-09 12:33:40,21
"530",9,0,6,0,0,2022-12-09 12:33:40,15
"531",11,0,8,0,0,2022-12-09 12:33:40,19
"532",18,0,0,0,0,2022-12-09 12:33:40,18
"533",2,0,17,4,0,2022-12-09 12:33:40,23
"534",6,0,12,1,0,2022-12-09 12:33:40,19
"535",2,0,16,1,1,2022-12-09 12:33:40,18
"536",9,0,4,0,2,2022-12-09 12:33:40,11
"537",12,0,3,0,0,2022-12-09 12:33:40,15
"538",18,0,1,0,0,2022-12-09 12:33:40,19
"539",6,0,13,0,0,2022-12-09 12:33:40,19
"540",19,0,0,0,0,2022-12-09 12:33:40,19
"542",1,0,10,0,0,2022-12-09 12:33:40,11
"543",3,0,16,0,0,2022-12-09 12:33:40,19
"544",13,0,6,0,0,2022-12-09 12:33:40,19
"545",14,0,4,0,1,2022-12-09 12:33:40,17
"546",5,0,28,0,0,2022-12-09 12:33:40,33
"547",5,0,12,0,0,2022-12-09 12:33:40,17
"548",18,0,1,0,0,2022-12-09 12:33:40,19
"549",5,0,18,2,0,2022-12-09 12:33:40,25
"550",18,0,1,1,0,2022-12-09 12:33:40,20
"551",17,0,2,0,0,2022-12-09 12:33:40,19
"552",6,0,12,0,1,2022-12-09 12:33:40,17
"553",13,0,6,0,0,2022-12-09 12:33:40,19
"554",12,0,6,0,1,2022-12-09 12:33:40,17
"555",15,0,4,0,0,2022-12-09 12:33:40,19
"556",8,0,9,0,2,2022-12-09 12:33:40,15
"560",9,0,10,0,0,2022-12-09 12:33:40,19
"561",4,0,11,0,0,2022-12-09 12:33:40,15
"562",5,0,10,1,0,2022-12-09 12:33:40,16
"563",13,0,2,0,0,2022-12-09 12:33:40,15
"564",8,0,7,0,0,2022-12-09 12:33:40,15
"565",11,0,4,0,0,2022-12-09 12:33:40,15
"566",11,0,4,0,0,2022-12-09 12:33:40,15
"567",7,0,10,1,0,2022-12-09 12:33:40,18
"568",8,0,6,0,0,2022-12-09 12:33:40,14
"569",7,0,8,0,0,2022-12-09 12:33:40,15
"570",8,0,6,0,0,2022-12-09 12:33:40,14
"571",7,0,5,1,0,2022-12-09 12:33:40,13
"572",0,0,12,1,0,2022-12-09 12:33:40,13
"573",2,0,10,0,0,2022-12-09 12:33:40,12
"574",4,0,8,0,0,2022-12-09 12:33:40,12
"575",2,0,10,0,0,2022-12-09 12:33:40,12
"576",10,0,2,1,0,2022-12-09 12:33:40,13
"577",0,0,12,0,0,2022-12-09 12:33:40,12
"578",8,0,4,0,0,2022-12-09 12:33:40,12
"579",4,0,8,0,0,2022-12-09 12:33:40,12
"580",12,0,0,0,0,2022-12-09 12:33:40,12
"581",14,0,5,0,0,2022-12-09 12:33:40,19
"582",5,0,6,0,0,2022-12-09 12:33:40,11
"583",5,0,14,2,0,2022-12-09 12:33:40,21
"584",7,0,4,0,0,2022-12-09 12:33:40,11
"585",2,0,8,0,0,2022-12-09 12:33:40,10
"586",12,0,7,0,0,2022-12-09 12:33:40,19
"587",14,0,5,0,0,2022-12-09 12:33:40,19
"588",13,0,2,0,0,2022-12-09 12:33:40,15
"589",12,0,7,2,0,2022-12-09 12:33:40,21
"590",19,0,0,0,0,2022-12-09 12:33:40,19
"591",26,0,1,0,0,2022-12-09 12:33:40,27
"592",12,0,7,0,0,2022-12-09 12:33:40,19
"593",9,0,7,1,0,2022-12-09 12:33:40,17
"594",14,0,5,0,0,2022-12-09 12:33:40,19
"595",11,0,6,0,0,2022-12-09 12:33:40,17
"596",7,0,10,0,0,2022-12-09 12:33:40,17
"597",13,0,4,0,0,2022-12-09 12:33:40,17
"598",9,0,2,0,0,2022-12-09 12:33:40,11
"599",13,0,1,0,0,2022-12-09 12:33:40,14
"601",3,0,11,0,1,2022-12-09 12:33:40,13
"602",9,0,10,1,0,2022-12-09 12:33:40,20
"603",15,0,3,1,0,2022-12-09 12:33:40,19
"604",11,0,4,0,0,2022-12-09 12:33:40,15
"605",7,0,10,2,1,2022-12-09 12:33:40,18
"606",7,0,12,1,0,2022-12-09 12:33:40,20
"607",12,0,7,0,0,2022-12-09 12:33:40,19
"608",16,0,2,0,0,2022-12-09 12:33:40,18
"609",2,0,14,0,0,2022-12-09 12:33:40,16
"610",7,0,12,0,0,2022-12-09 12:33:40,19
"611",7,0,10,3,0,2022-12-09 12:33:40,20
"612",11,0,8,0,0,2022-12-09 12:33:40,19
"613",18,0,1,0,0,2022-12-09 12:33:40,19
"614",11,0,4,0,0,2022-12-09 12:33:40,15
"615",19,0,4,0,0,2022-12-09 12:33:40,23
"616",17,0,2,1,0,2022-12-09 12:33:40,20
"617",13,0,6,0,0,2022-12-09 12:33:40,19
"618",14,0,5,0,0,2022-12-09 12:33:40,19
"619",8,0,11,0,0,2022-12-09 12:33:40,19
"620",18,0,1,0,0,2022-12-09 12:33:40,19
"621",13,0,6,0,0,2022-12-09 12:33:40,19
"622",11,0,1,0,0,2022-12-09 12:33:40,12
"623",3,0,16,0,0,2022-12-09 12:33:40,19
"624",14,0,4,0,1,2022-12-09 12:33:40,17
"625",5,0,6,0,0,2022-12-09 12:33:40,11
"626",15,0,2,0,0,2022-12-09 12:33:40,17
"628",8,0,4,0,0,2022-12-09 12:33:40,12
"629",15,0,4,0,0,2022-12-09 12:33:40,19
"630",9,0,5,0,0,2022-12-09 12:33:40,14
"632",9,0,5,0,0,2022-12-09 12:33:40,14
"633",15,0,4,1,0,2022-12-09 12:33:40,20
"634",11,0,7,0,1,2022-12-09 12:33:40,17
"636",13,0,0,0,2,2022-12-09 12:33:40,11
"637",15,0,4,0,0,2022-12-09 12:33:40,19
"638",18,0,1,0,0,2022-12-09 12:33:40,19
"639",6,0,13,0,0,2022-12-09 12:33:40,19
"640",14,0,5,1,0,2022-12-09 12:33:40,20
"641",15,0,0,0,0,2022-12-09 12:33:40,15
"642",2,0,17,0,0,2022-12-09 12:33:40,19
"643",6,0,5,0,0,2022-12-09 12:33:40,11
"645",13,0,6,0,0,2022-12-09 12:33:40,19
"646",3,0,15,0,0,2022-12-09 12:33:40,18
"647",8,0,11,0,0,2022-12-09 12:33:40,19
"648",1,0,18,0,0,2022-12-09 12:33:40,19
"649",6,0,7,0,0,2022-12-09 12:33:40,13
"650",14,0,1,0,0,2022-12-09 12:33:40,15
"651",11,0,4,0,0,2022-12-09 12:33:40,15
"652",12,0,4,0,0,2022-12-09 12:33:40,16
"653",11,0,4,0,0,2022-12-09 12:33:40,15
"654",10,0,9,0,0,2022-12-09 12:33:40,19
"655",11,0,8,0,0,2022-12-09 12:33:40,19
"656",18,0,1,0,0,2022-12-09 12:33:40,19
"657",7,0,16,0,0,2022-12-09 12:33:40,23
"659",14,0,5,0,0,2022-12-09 12:33:40,19
"662",6,0,5,0,0,2022-12-09 12:33:40,11
"663",14,0,1,0,0,2022-12-09 12:33:40,15
"664",12,0,3,0,0,2022-12-09 12:33:40,15
"665",9,0,10,1,0,2022-12-09 12:33:40,20
"667",6,0,5,0,0,2022-12-09 12:33:40,11
"668",13,0,2,0,0,2022-12-09 12:33:40,15
"669",9,0,2,0,0,2022-12-09 12:33:40,11
"670",10,0,11,0,0,2022-12-09 12:33:40,21
"671",10,0,4,0,1,2022-12-09 12:33:40,13
"672",10,0,5,0,0,2022-12-09 12:33:40,15
"673",7,0,8,0,0,2022-12-09 12:33:40,15
"674",6,0,3,0,1,2022-12-09 12:33:40,8
"676",5,0,7,0,0,2022-12-09 12:33:40,12
"678",7,0,5,0,0,2022-12-09 12:33:40,12
"679",5,0,7,0,0,2022-12-09 12:33:40,12
"680",8,0,4,0,0,2022-12-09 12:33:40,12
"682",6,0,6,0,0,2022-12-09 12:33:40,12
"684",5,0,7,0,0,2022-12-09 12:33:40,12
"686",9,0,3,0,0,2022-12-09 12:33:40,12
"687",6,0,6,0,0,2022-12-09 12:33:40,12
"688",10,0,2,0,0,2022-12-09 12:33:40,12
"689",7,0,5,0,0,2022-12-09 12:33:40,12
"690",4,0,7,0,0,2022-12-09 12:33:40,11
"691",8,0,4,0,0,2022-12-09 12:33:40,12
"692",6,0,5,1,0,2022-12-09 12:33:40,12
"693",8,0,3,0,0,2022-12-09 12:33:40,11
"694",18,0,1,0,0,2022-12-09 12:33:40,19
"695",5,0,7,0,0,2022-12-09 12:33:40,12
"696",12,0,0,0,0,2022-12-09 12:33:40,12
"697",18,0,1,0,0,2022-12-09 12:33:40,19
"698",11,0,4,1,0,2022-12-09 12:33:40,16
"701",4,0,7,0,0,2022-12-09 12:33:40,11
"702",4,0,8,0,0,2022-12-09 12:33:40,12
"704",19,0,0,0,0,2022-12-09 12:33:40,19
"705",15,0,4,0,0,2022-12-09 12:33:40,19
"706",6,0,13,0,0,2022-12-09 12:33:40,19
"707",19,0,0,0,0,2022-12-09 12:33:40,19
"708",18,0,1,0,0,2022-12-09 12:33:40,19
"709",10,0,5,0,0,2022-12-09 12:33:40,15
"710",14,0,1,0,0,2022-12-09 12:33:40,15
"711",7,0,8,0,0,2022-12-09 12:33:40,15
"712",18,0,1,0,0,2022-12-09 12:33:40,19
"713",0,0,11,0,0,2022-12-09 12:33:40,11
"715",12,0,4,0,0,2022-12-09 12:33:40,16
"716",9,0,3,0,0,2022-12-09 12:33:40,12
"717",15,0,4,0,0,2022-12-09 12:33:40,19
"718",3,0,13,0,0,2022-12-09 12:33:40,16
"719",8,0,3,0,0,2022-12-09 12:33:40,11
"720",11,0,4,0,0,2022-12-09 12:33:40,15
"721",10,0,5,0,0,2022-12-09 12:33:40,15
"722",5,0,5,0,0,2022-12-09 12:33:40,10
"724",12,0,4,0,0,2022-12-09 12:33:40,16
"725",12,0,3,0,0,2022-12-09 12:33:40,15
"726",1,0,14,1,0,2022-12-09 12:33:40,16
"727",9,0,10,0,0,2022-12-09 12:33:40,19
"728",14,0,4,0,1,2022-12-09 12:33:40,17
"729",16,0,0,0,0,2022-12-09 12:33:40,16
"730",10,0,4,0,0,2022-12-09 12:33:40,14
"731",6,0,7,0,0,2022-12-09 12:33:40,13
"732",13,0,2,0,0,2022-12-09 12:33:40,15
"734",4,0,7,0,0,2022-12-09 12:33:40,11
"735",5,0,13,0,1,2022-12-09 12:33:40,17
"736",8,0,10,1,1,2022-12-09 12:33:40,18
"737",11,0,6,1,0,2022-12-09 12:33:40,18
"738",23,0,0,0,0,2022-12-09 12:33:40,23
"739",2,0,16,0,0,2022-12-09 12:33:40,18
"740",15,0,0,0,0,2022-12-09 12:33:40,15
"741",6,0,13,0,0,2022-12-09 12:33:40,19
"742",18,0,1,0,0,2022-12-09 12:33:40,19
"743",6,0,8,0,1,2022-12-09 12:33:40,13
"744",12,0,4,0,0,2022-12-09 12:33:40,16
"745",4,0,8,0,0,2022-12-09 12:33:40,12
"746",10,0,9,0,0,2022-12-09 12:33:40,19
"747",7,0,11,0,1,2022-12-09 12:33:40,17
"748",15,0,4,1,0,2022-12-09 12:33:40,20
"749",14,0,1,0,0,2022-12-09 12:33:40,15
"750",15,0,2,0,0,2022-12-09 12:33:40,17
"751",4,0,11,0,0,2022-12-09 12:33:40,15
"752",8,0,7,1,0,2022-12-09 12:33:40,16
"753",13,0,6,0,0,2022-12-09 12:33:40,19
"e976c0ab-bc21-42b3-a2c2-b90def6f54f4",3,0,9,0,0,2022-12-09 12:34:49,12
"e823318f-8406-4230-8072-1667f5de78d4",16,0,3,0,0,2022-12-09 12:34:49,19
"13c42471-96ab-441d-9a4c-bc57f7af6f9b",5,0,7,0,0,2022-12-09 12:34:49,12
"3c6a1bf0-3aac-4406-990d-966cc8edca52",3,0,8,0,0,2022-12-09 12:34:49,11
"8aa43882-2e93-41fb-b55d-a6a15b5b446b",1,0,9,0,2,2022-12-09 12:34:49,8
"1",14,0,1,0,0,2022-12-09 12:34:49,15
"3",4,0,13,0,0,2022-12-09 12:34:49,17
"4",12,0,4,0,0,2022-12-09 12:34:49,16
"5",9,0,3,0,0,2022-12-09 12:34:49,12
"6",5,0,14,0,0,2022-12-09 12:34:49,19
"7",4,0,12,0,0,2022-12-09 12:34:49,16
"8",12,0,7,0,0,2022-12-09 12:34:49,19
"10",10,0,2,0,0,2022-12-09 12:34:49,12
"11",5,0,6,0,0,2022-12-09 12:34:49,11
"12",16,0,1,1,0,2022-12-09 12:34:49,18
"13",8,0,4,0,0,2022-12-09 12:34:49,12
"14",0,0,15,1,0,2022-12-09 12:34:49,16
"15",27,0,3,1,1,2022-12-09 12:34:49,30
"16",29,0,10,0,0,2022-12-09 12:34:49,39
"18",18,0,1,0,0,2022-12-09 12:34:49,19
"19",18,0,0,0,1,2022-12-09 12:34:49,17
"20",19,0,4,0,0,2022-12-09 12:34:49,23
"21",18,0,1,0,0,2022-12-09 12:34:49,19
"22",5,0,18,0,0,2022-12-09 12:34:49,23
"23",12,0,7,1,0,2022-12-09 12:34:49,20
"24",17,0,2,0,0,2022-12-09 12:34:49,19
"25",16,0,7,0,0,2022-12-09 12:34:49,23
"26",2,0,13,0,0,2022-12-09 12:34:49,15
"27",10,0,25,1,0,2022-12-09 12:34:49,36
"28",14,0,5,0,0,2022-12-09 12:34:49,19
"29",10,0,9,0,0,2022-12-09 12:34:49,19
"30",9,0,1,0,0,2022-12-09 12:34:49,10
"31",15,0,4,1,0,2022-12-09 12:34:49,20
"32",0,0,14,1,0,2022-12-09 12:34:49,15
"33",32,0,2,1,0,2022-12-09 12:34:49,35
"34",14,0,5,0,0,2022-12-09 12:34:49,19
"35",9,0,2,0,0,2022-12-09 12:34:49,11
"36",3,0,8,1,0,2022-12-09 12:34:49,12
"37",3,0,12,0,0,2022-12-09 12:34:49,15
"38",3,0,8,0,0,2022-12-09 12:34:49,11
"39",6,0,13,0,0,2022-12-09 12:34:49,19
"40",3,0,7,0,0,2022-12-09 12:34:49,10
"41",0,0,10,1,1,2022-12-09 12:34:49,10
"42",11,0,2,1,1,2022-12-09 12:34:49,13
"43",14,0,1,0,0,2022-12-09 12:34:49,15
"44",13,0,0,0,1,2022-12-09 12:34:49,12
"45",10,0,29,1,0,2022-12-09 12:34:49,40
"46",13,0,1,0,1,2022-12-09 12:34:49,13
"47",5,0,10,0,0,2022-12-09 12:34:49,15
"48",13,0,2,0,0,2022-12-09 12:34:49,15
"49",11,0,5,0,1,2022-12-09 12:34:49,15
"51",7,0,37,2,1,2022-12-09 12:34:49,45
"52",10,0,5,1,0,2022-12-09 12:34:49,16
"53",0,0,17,1,1,2022-12-09 12:34:49,17
"54",6,0,16,0,1,2022-12-09 12:34:49,21
"55",4,0,10,0,1,2022-12-09 12:34:49,13
"56",2,0,9,0,0,2022-12-09 12:34:49,11
"57",6,0,8,2,0,2022-12-09 12:34:49,16
"58",12,0,2,0,0,2022-12-09 12:34:49,14
"59",15,0,3,0,1,2022-12-09 12:34:49,17
"60",11,0,4,0,0,2022-12-09 12:34:49,15
"61",6,0,9,0,0,2022-12-09 12:34:49,15
"62",5,0,6,1,0,2022-12-09 12:34:49,12
"63",14,0,1,0,0,2022-12-09 12:34:49,15
"64",14,0,5,1,0,2022-12-09 12:34:49,20
"65",4,0,7,1,0,2022-12-09 12:34:49,12
"66",9,0,0,0,1,2022-12-09 12:34:49,8
"67",6,0,4,0,0,2022-12-09 12:34:49,10
"68",7,0,8,0,0,2022-12-09 12:34:49,15
"69",1,0,22,0,0,2022-12-09 12:34:49,23
"70",10,0,1,0,0,2022-12-09 12:34:49,11
"71",6,0,33,0,0,2022-12-09 12:34:49,39
"72",1,0,18,0,0,2022-12-09 12:34:49,19
"73",7,0,3,0,0,2022-12-09 12:34:49,10
"74",2,0,12,0,0,2022-12-09 12:34:49,14
"75",7,0,8,1,0,2022-12-09 12:34:49,16
"76",13,0,18,1,0,2022-12-09 12:34:49,32
"77",4,0,15,0,0,2022-12-09 12:34:49,19
"78",9,0,10,0,0,2022-12-09 12:34:49,19
"79",0,0,27,0,0,2022-12-09 12:34:49,27
"80",15,0,0,0,0,2022-12-09 12:34:49,15
"81",9,0,18,0,0,2022-12-09 12:34:49,27
"82",28,0,3,0,0,2022-12-09 12:34:49,31
"83",9,0,10,0,0,2022-12-09 12:34:49,19
"84",10,0,10,0,2,2022-12-09 12:34:49,18
"85",13,0,2,0,0,2022-12-09 12:34:49,15
"86",0,0,19,0,0,2022-12-09 12:34:49,19
"87",0,0,23,0,0,2022-12-09 12:34:49,23
"88",2,0,17,0,0,2022-12-09 12:34:49,19
"89",22,0,1,0,0,2022-12-09 12:34:49,23
"90",10,0,1,1,0,2022-12-09 12:34:49,12
"91",0,0,23,1,0,2022-12-09 12:34:49,24
"92",6,0,26,1,0,2022-12-09 12:34:49,33
"93",19,0,0,0,0,2022-12-09 12:34:49,19
"94",9,0,12,1,0,2022-12-09 12:34:49,22
"95",10,0,13,0,0,2022-12-09 12:34:49,23
"96",10,0,7,0,2,2022-12-09 12:34:49,15
"97",10,0,5,1,0,2022-12-09 12:34:49,16
"98",11,0,0,0,0,2022-12-09 12:34:49,11
"99",14,0,9,1,1,2022-12-09 12:34:49,23
"100",5,0,5,2,0,2022-12-09 12:34:49,12
"101",17,0,12,0,0,2022-12-09 12:34:49,29
"102",22,0,0,0,0,2022-12-09 12:34:49,22
"103",2,0,37,1,0,2022-12-09 12:34:49,40
"104",11,0,14,0,0,2022-12-09 12:34:49,25
"105",19,0,8,0,0,2022-12-09 12:34:49,27
"106",16,0,19,1,0,2022-12-09 12:34:49,36
"107",8,0,11,0,0,2022-12-09 12:34:49,19
"108",7,0,8,0,0,2022-12-09 12:34:49,15
"109",20,0,15,2,0,2022-12-09 12:34:49,37
"110",4,0,19,2,0,2022-12-09 12:34:49,25
"112",4,0,10,0,1,2022-12-09 12:34:49,13
"113",1,0,53,0,0,2022-12-09 12:34:49,54
"114",18,0,5,0,0,2022-12-09 12:34:49,23
"115",23,0,0,0,0,2022-12-09 12:34:49,23
"116",15,0,0,0,0,2022-12-09 12:34:49,15
"117",0,0,22,0,1,2022-12-09 12:34:49,21
"118",9,0,6,0,0,2022-12-09 12:34:49,15
"124",10,0,20,0,1,2022-12-09 12:34:49,29
"125",3,0,12,0,0,2022-12-09 12:34:49,15
"126",5,0,13,1,1,2022-12-09 12:34:49,18
"127",0,0,15,0,0,2022-12-09 12:34:49,15
"128",14,0,5,1,0,2022-12-09 12:34:49,20
"129",11,0,4,0,0,2022-12-09 12:34:49,15
"130",14,0,1,1,0,2022-12-09 12:34:49,16
"131",2,0,10,0,0,2022-12-09 12:34:49,12
"132",11,0,4,0,0,2022-12-09 12:34:49,15
"133",0,0,15,0,0,2022-12-09 12:34:49,15
"134",3,0,12,2,0,2022-12-09 12:34:49,17
"135",9,0,10,0,0,2022-12-09 12:34:49,19
"136",6,0,17,0,0,2022-12-09 12:34:49,23
"137",31,0,2,1,0,2022-12-09 12:34:49,34
"138",12,0,0,0,0,2022-12-09 12:34:49,12
"139",13,0,2,0,0,2022-12-09 12:34:49,15
"140",13,0,8,0,0,2022-12-09 12:34:49,21
"141",3,0,23,1,1,2022-12-09 12:34:49,26
"142",0,0,39,0,0,2022-12-09 12:34:49,39
"143",0,0,19,0,0,2022-12-09 12:34:49,19
"144",16,0,3,1,0,2022-12-09 12:34:49,20
"145",13,0,1,0,1,2022-12-09 12:34:49,13
"146",6,0,8,0,0,2022-12-09 12:34:49,14
"147",14,0,0,0,0,2022-12-09 12:34:49,14
"148",24,0,2,0,0,2022-12-09 12:34:49,26
"149",19,0,0,0,0,2022-12-09 12:34:49,19
"150",4,0,14,0,0,2022-12-09 12:34:49,18
"151",14,0,1,0,0,2022-12-09 12:34:49,15
"152",10,0,5,0,0,2022-12-09 12:34:49,15
"153",0,0,19,0,0,2022-12-09 12:34:49,19
"154",12,0,3,0,0,2022-12-09 12:34:49,15
"155",10,0,4,0,1,2022-12-09 12:34:49,13
"156",10,0,2,0,0,2022-12-09 12:34:49,12
"157",4,0,7,0,0,2022-12-09 12:34:49,11
"158",16,0,0,0,0,2022-12-09 12:34:49,16
"159",3,0,20,1,0,2022-12-09 12:34:49,24
"160",11,0,1,0,0,2022-12-09 12:34:49,12
"161",15,0,2,0,0,2022-12-09 12:34:49,17
"162",22,0,1,0,0,2022-12-09 12:34:49,23
"163",19,0,0,0,0,2022-12-09 12:34:49,19
"164",5,0,10,0,0,2022-12-09 12:34:49,15
"165",13,0,6,0,0,2022-12-09 12:34:49,19
"166",8,0,4,0,0,2022-12-09 12:34:49,12
"167",10,0,5,0,0,2022-12-09 12:34:49,15
"168",20,0,2,0,0,2022-12-09 12:34:49,22
"169",3,0,32,1,0,2022-12-09 12:34:49,36
"170",11,0,3,0,1,2022-12-09 12:34:49,13
"171",1,0,15,0,1,2022-12-09 12:34:49,15
"172",6,0,6,1,0,2022-12-09 12:34:49,13
"173",0,0,15,0,0,2022-12-09 12:34:49,15
"174",13,0,2,1,0,2022-12-09 12:34:49,16
"175",4,0,8,0,0,2022-12-09 12:34:49,12
"176",13,0,9,0,0,2022-12-09 12:34:49,22
"177",6,0,9,0,0,2022-12-09 12:34:49,15
"178",15,0,7,0,1,2022-12-09 12:34:49,21
"179",7,0,7,0,1,2022-12-09 12:34:49,13
"180",10,0,1,0,0,2022-12-09 12:34:49,11
"181",10,0,4,0,0,2022-12-09 12:34:49,14
"182",2,0,8,0,0,2022-12-09 12:34:49,10
"183",16,0,3,0,0,2022-12-09 12:34:49,19
"185",0,0,19,0,0,2022-12-09 12:34:49,19
"186",15,0,4,0,0,2022-12-09 12:34:49,19
"187",0,0,19,0,0,2022-12-09 12:34:49,19
"188",0,0,22,1,1,2022-12-09 12:34:49,22
"189",11,0,7,2,0,2022-12-09 12:34:49,20
"190",4,0,11,2,0,2022-12-09 12:34:49,17
"191",12,1,1,1,0,2022-12-09 12:34:49,13
"192",0,0,15,0,0,2022-12-09 12:34:49,15
"193",9,0,17,0,1,2022-12-09 12:34:49,25
"194",8,0,7,0,0,2022-12-09 12:34:49,15
"195",16,0,1,0,0,2022-12-09 12:34:49,17
"196",19,0,10,0,0,2022-12-09 12:34:49,29
"197",22,0,1,0,0,2022-12-09 12:34:49,23
"198",1,0,13,0,0,2022-12-09 12:34:49,14
"199",0,0,14,0,1,2022-12-09 12:34:49,13
"200",2,0,10,0,2,2022-12-09 12:34:49,10
"202",8,0,4,0,0,2022-12-09 12:34:49,12
"203",11,0,0,0,0,2022-12-09 12:34:49,11
"204",14,0,10,0,0,2022-12-09 12:34:49,24
"206",0,0,15,2,0,2022-12-09 12:34:49,17
"207",14,0,5,1,0,2022-12-09 12:34:49,20
"208",15,0,0,0,0,2022-12-09 12:34:49,15
"209",5,0,10,0,0,2022-12-09 12:34:49,15
"210",11,0,11,0,1,2022-12-09 12:34:49,21
"211",15,0,0,0,0,2022-12-09 12:34:49,15
"212",5,0,7,0,0,2022-12-09 12:34:49,12
"213",7,0,8,0,0,2022-12-09 12:34:49,15
"214",21,0,0,0,1,2022-12-09 12:34:49,20
"215",12,0,3,0,0,2022-12-09 12:34:49,15
"216",11,0,6,4,0,2022-12-09 12:34:49,21
"217",10,0,9,0,0,2022-12-09 12:34:49,19
"218",6,0,12,0,0,2022-12-09 12:34:49,18
"219",10,0,2,0,0,2022-12-09 12:34:49,12
"220",5,0,7,1,0,2022-12-09 12:34:49,13
"221",4,0,8,1,0,2022-12-09 12:34:49,13
"222",3,0,9,0,0,2022-12-09 12:34:49,12
"223",5,0,10,0,0,2022-12-09 12:34:49,15
"224",2,0,9,2,0,2022-12-09 12:34:49,13
"225",4,0,11,0,0,2022-12-09 12:34:49,15
"226",17,0,2,0,0,2022-12-09 12:34:49,19
"227",7,0,10,0,0,2022-12-09 12:34:49,17
"228",21,0,2,0,0,2022-12-09 12:34:49,23
"229",3,0,16,0,0,2022-12-09 12:34:49,19
"230",15,0,0,0,0,2022-12-09 12:34:49,15
"231",9,0,1,0,1,2022-12-09 12:34:49,9
"232",7,0,8,0,0,2022-12-09 12:34:49,15
"233",11,0,0,0,0,2022-12-09 12:34:49,11
"234",20,0,3,0,0,2022-12-09 12:34:49,23
"235",3,0,12,1,0,2022-12-09 12:34:49,16
"236",6,0,12,1,1,2022-12-09 12:34:49,18
"237",6,0,8,3,0,2022-12-09 12:34:49,17
"239",5,0,5,2,0,2022-12-09 12:34:49,12
"240",9,0,2,0,0,2022-12-09 12:34:49,11
"241",9,0,5,0,0,2022-12-09 12:34:49,14
"242",30,0,0,0,1,2022-12-09 12:34:49,29
"243",3,0,8,0,0,2022-12-09 12:34:49,11
"244",8,0,9,0,0,2022-12-09 12:34:49,17
"245",3,0,8,0,0,2022-12-09 12:34:49,11
"246",8,0,3,0,0,2022-12-09 12:34:49,11
"247",6,0,7,0,0,2022-12-09 12:34:49,13
"248",4,0,11,0,0,2022-12-09 12:34:49,15
"249",13,0,2,0,0,2022-12-09 12:34:49,15
"250",18,0,0,0,0,2022-12-09 12:34:49,18
"251",1,0,26,0,0,2022-12-09 12:34:49,27
"252",0,0,31,2,0,2022-12-09 12:34:49,33
"253",4,0,10,0,1,2022-12-09 12:34:49,13
"254",15,0,0,0,0,2022-12-09 12:34:49,15
"255",12,0,0,0,0,2022-12-09 12:34:49,12
"256",4,0,11,0,0,2022-12-09 12:34:49,15
"257",9,0,2,0,0,2022-12-09 12:34:49,11
"258",6,0,9,1,0,2022-12-09 12:34:49,16
"259",16,0,3,0,0,2022-12-09 12:34:49,19
"260",11,0,0,0,0,2022-12-09 12:34:49,11
"261",12,0,7,0,0,2022-12-09 12:34:49,19
"262",12,0,6,0,1,2022-12-09 12:34:49,17
"263",9,0,2,0,0,2022-12-09 12:34:49,11
"264",7,0,8,0,0,2022-12-09 12:34:49,15
"265",11,0,0,0,0,2022-12-09 12:34:49,11
"266",5,0,4,0,0,2022-12-09 12:34:49,9
"268",4,0,15,0,0,2022-12-09 12:34:49,19
"269",11,0,8,0,0,2022-12-09 12:34:49,19
"270",10,0,1,0,0,2022-12-09 12:34:49,11
"271",17,0,2,0,0,2022-12-09 12:34:49,19
"272",15,0,0,0,0,2022-12-09 12:34:49,15
"273",8,0,11,0,0,2022-12-09 12:34:49,19
"274",19,0,0,0,0,2022-12-09 12:34:49,19
"275",15,0,0,0,0,2022-12-09 12:34:49,15
"277",8,0,7,0,0,2022-12-09 12:34:49,15
"278",9,0,6,1,0,2022-12-09 12:34:49,16
"279",11,0,4,0,0,2022-12-09 12:34:49,15
"280",15,0,0,0,0,2022-12-09 12:34:49,15
"282",13,0,2,0,0,2022-12-09 12:34:49,15
"283",9,0,5,2,0,2022-12-09 12:34:49,16
"284",18,0,3,0,0,2022-12-09 12:34:49,21
"285",7,0,3,0,0,2022-12-09 12:34:49,10
"286",12,0,3,0,0,2022-12-09 12:34:49,15
"287",5,0,10,1,0,2022-12-09 12:34:49,16
"288",8,0,6,0,0,2022-12-09 12:34:49,14
"289",10,0,1,0,0,2022-12-09 12:34:49,11
"290",10,0,1,0,0,2022-12-09 12:34:49,11
"293",6,0,9,0,0,2022-12-09 12:34:49,15
"294",10,0,9,0,0,2022-12-09 12:34:49,19
"295",14,0,0,0,0,2022-12-09 12:34:49,14
"296",9,0,2,0,0,2022-12-09 12:34:49,11
"297",10,0,5,1,0,2022-12-09 12:34:49,16
"298",16,0,2,0,0,2022-12-09 12:34:49,18
"299",8,0,7,0,0,2022-12-09 12:34:49,15
"301",16,0,3,0,0,2022-12-09 12:34:49,19
"302",8,0,11,1,0,2022-12-09 12:34:49,20
"303",2,0,9,1,0,2022-12-09 12:34:49,12
"304",13,0,2,0,0,2022-12-09 12:34:49,15
"305",10,0,7,1,0,2022-12-09 12:34:49,18
"306",2,0,9,1,0,2022-12-09 12:34:49,12
"307",10,0,5,0,1,2022-12-09 12:34:49,14
"308",10,0,9,0,0,2022-12-09 12:34:49,19
"309",19,0,0,0,0,2022-12-09 12:34:49,19
"310",17,0,1,0,1,2022-12-09 12:34:49,17
"311",6,0,5,0,0,2022-12-09 12:34:49,11
"312",6,0,9,0,0,2022-12-09 12:34:49,15
"313",4,0,10,1,0,2022-12-09 12:34:49,15
"314",11,0,4,0,0,2022-12-09 12:34:49,15
"315",7,0,8,0,0,2022-12-09 12:34:49,15
"316",13,0,6,0,0,2022-12-09 12:34:49,19
"317",11,0,0,0,0,2022-12-09 12:34:49,11
"318",12,0,1,0,0,2022-12-09 12:34:49,13
"319",7,0,8,1,0,2022-12-09 12:34:49,16
"320",16,0,3,1,0,2022-12-09 12:34:49,20
"321",13,0,5,2,0,2022-12-09 12:34:49,20
"322",14,0,5,1,0,2022-12-09 12:34:49,20
"323",8,0,3,0,0,2022-12-09 12:34:49,11
"324",3,0,11,0,1,2022-12-09 12:34:49,13
"325",14,0,5,0,0,2022-12-09 12:34:49,19
"326",9,0,10,0,0,2022-12-09 12:34:49,19
"327",14,0,4,0,1,2022-12-09 12:34:49,17
"328",12,0,0,0,0,2022-12-09 12:34:49,12
"329",5,0,14,0,0,2022-12-09 12:34:49,19
"330",0,0,18,0,1,2022-12-09 12:34:49,17
"331",12,0,3,0,0,2022-12-09 12:34:49,15
"332",13,0,2,0,0,2022-12-09 12:34:49,15
"333",8,0,7,1,0,2022-12-09 12:34:49,16
"334",3,0,19,0,1,2022-12-09 12:34:49,21
"335",15,0,0,0,0,2022-12-09 12:34:49,15
"336",3,0,14,0,2,2022-12-09 12:34:49,15
"337",13,0,2,0,0,2022-12-09 12:34:49,15
"338",6,0,5,0,0,2022-12-09 12:34:49,11
"339",18,0,1,0,0,2022-12-09 12:34:49,19
"340",11,0,0,0,0,2022-12-09 12:34:49,11
"341",8,0,7,0,0,2022-12-09 12:34:49,15
"342",9,0,5,0,1,2022-12-09 12:34:49,13
"343",0,0,14,1,0,2022-12-09 12:34:49,15
"344",8,0,13,0,0,2022-12-09 12:34:49,21
"345",3,0,11,0,1,2022-12-09 12:34:49,13
"346",6,0,9,0,0,2022-12-09 12:34:49,15
"347",18,0,1,0,0,2022-12-09 12:34:49,19
"348",8,0,14,1,0,2022-12-09 12:34:49,23
"349",20,0,15,1,0,2022-12-09 12:34:49,36
"350",14,0,1,0,0,2022-12-09 12:34:49,15
"351",17,0,2,0,0,2022-12-09 12:34:49,19
"352",10,0,5,1,0,2022-12-09 12:34:49,16
"353",9,0,13,0,0,2022-12-09 12:34:49,22
"354",10,0,4,0,0,2022-12-09 12:34:49,14
"355",11,0,4,0,0,2022-12-09 12:34:49,15
"356",13,0,2,0,0,2022-12-09 12:34:49,15
"357",12,0,11,1,0,2022-12-09 12:34:49,24
"358",16,0,2,1,0,2022-12-09 12:34:49,19
"359",8,0,7,0,0,2022-12-09 12:34:49,15
"364",9,0,2,1,0,2022-12-09 12:34:49,12
"365",0,0,19,0,0,2022-12-09 12:34:49,19
"367",17,0,6,0,0,2022-12-09 12:34:49,23
"368",3,0,12,0,0,2022-12-09 12:34:49,15
"369",10,0,11,0,2,2022-12-09 12:34:49,19
"370",12,0,5,1,1,2022-12-09 12:34:49,17
"371",17,0,2,0,0,2022-12-09 12:34:49,19
"373",4,0,15,0,0,2022-12-09 12:34:49,19
"374",17,0,0,0,2,2022-12-09 12:34:49,15
"375",12,0,10,1,1,2022-12-09 12:34:49,22
"376",19,0,0,0,0,2022-12-09 12:34:49,19
"377",3,0,11,3,0,2022-12-09 12:34:49,17
"378",9,0,6,0,0,2022-12-09 12:34:49,15
"379",8,0,11,0,0,2022-12-09 12:34:49,19
"380",10,0,4,0,0,2022-12-09 12:34:49,14
"381",3,0,12,0,0,2022-12-09 12:34:49,15
"382",12,0,3,0,0,2022-12-09 12:34:49,15
"383",17,0,1,1,0,2022-12-09 12:34:49,19
"384",9,0,2,0,0,2022-12-09 12:34:49,11
"385",16,0,3,2,0,2022-12-09 12:34:49,21
"386",19,0,0,0,0,2022-12-09 12:34:49,19
"387",16,0,2,0,1,2022-12-09 12:34:49,17
"388",12,0,3,0,0,2022-12-09 12:34:49,15
"389",9,0,2,0,0,2022-12-09 12:34:49,11
"390",4,0,15,1,0,2022-12-09 12:34:49,20
"391",13,0,1,0,1,2022-12-09 12:34:49,13
"392",14,0,5,1,0,2022-12-09 12:34:49,20
"393",0,0,19,0,0,2022-12-09 12:34:49,19
"394",3,0,16,0,0,2022-12-09 12:34:49,19
"395",12,0,7,0,0,2022-12-09 12:34:49,19
"396",4,0,11,0,0,2022-12-09 12:34:49,15
"397",20,0,2,0,0,2022-12-09 12:34:49,22
"398",10,0,9,0,0,2022-12-09 12:34:49,19
"399",13,0,5,0,0,2022-12-09 12:34:49,18
"400",12,0,11,0,0,2022-12-09 12:34:49,23
"401",7,0,12,0,0,2022-12-09 12:34:49,19
"402",21,0,2,0,0,2022-12-09 12:34:49,23
"403",12,0,11,0,0,2022-12-09 12:34:49,23
"404",7,0,12,0,0,2022-12-09 12:34:49,19
"405",3,0,11,0,0,2022-12-09 12:34:49,14
"406",6,0,9,0,0,2022-12-09 12:34:49,15
"407",7,0,8,0,0,2022-12-09 12:34:49,15
"408",11,0,19,0,1,2022-12-09 12:34:49,29
"409",16,0,3,0,0,2022-12-09 12:34:49,19
"410",15,0,4,0,0,2022-12-09 12:34:49,19
"411",14,0,5,0,0,2022-12-09 12:34:49,19
"412",0,0,14,0,0,2022-12-09 12:34:49,14
"413",15,0,7,0,1,2022-12-09 12:34:49,21
"414",0,0,15,0,0,2022-12-09 12:34:49,15
"415",13,0,1,0,1,2022-12-09 12:34:49,13
"416",9,0,6,1,0,2022-12-09 12:34:49,16
"417",8,0,11,0,0,2022-12-09 12:34:49,19
"418",31,0,0,0,0,2022-12-09 12:34:49,31
"419",6,0,19,0,0,2022-12-09 12:34:49,25
"420",24,0,0,0,0,2022-12-09 12:34:49,24
"421",11,0,8,0,0,2022-12-09 12:34:49,19
"422",11,0,4,0,0,2022-12-09 12:34:49,15
"423",19,0,4,0,0,2022-12-09 12:34:49,23
"424",9,0,6,0,0,2022-12-09 12:34:49,15
"425",6,0,5,1,0,2022-12-09 12:34:49,12
"427",6,0,5,0,0,2022-12-09 12:34:49,11
"428",8,0,3,1,0,2022-12-09 12:34:49,12
"429",11,0,0,0,0,2022-12-09 12:34:49,11
"430",7,0,6,0,0,2022-12-09 12:34:49,13
"431",4,0,7,0,0,2022-12-09 12:34:49,11
"432",5,0,6,0,0,2022-12-09 12:34:49,11
"433",4,0,7,0,0,2022-12-09 12:34:49,11
"434",13,0,2,0,0,2022-12-09 12:34:49,15
"435",11,0,3,0,0,2022-12-09 12:34:49,14
"436",7,0,8,0,0,2022-12-09 12:34:49,15
"437",0,0,15,0,0,2022-12-09 12:34:49,15
"438",16,0,1,0,0,2022-12-09 12:34:49,17
"439",2,0,15,1,0,2022-12-09 12:34:49,18
"440",3,0,16,0,0,2022-12-09 12:34:49,19
"441",15,0,4,0,0,2022-12-09 12:34:49,19
"442",10,0,4,0,1,2022-12-09 12:34:49,13
"443",2,0,21,0,0,2022-12-09 12:34:49,23
"444",15,0,4,1,0,2022-12-09 12:34:49,20
"445",11,0,4,0,0,2022-12-09 12:34:49,15
"446",6,0,9,0,0,2022-12-09 12:34:49,15
"447",6,0,5,0,0,2022-12-09 12:34:49,11
"448",1,0,14,0,0,2022-12-09 12:34:49,15
"449",13,0,2,0,0,2022-12-09 12:34:49,15
"450",6,0,5,1,0,2022-12-09 12:34:49,12
"451",9,0,6,0,0,2022-12-09 12:34:49,15
"452",12,0,3,0,0,2022-12-09 12:34:49,15
"453",17,0,2,0,0,2022-12-09 12:34:49,19
"454",19,0,0,0,0,2022-12-09 12:34:49,19
"455",2,0,13,1,0,2022-12-09 12:34:49,16
"456",11,0,4,2,0,2022-12-09 12:34:49,17
"457",4,0,7,0,0,2022-12-09 12:34:49,11
"458",8,0,10,0,1,2022-12-09 12:34:49,17
"459",10,0,5,1,0,2022-12-09 12:34:49,16
"460",4,0,11,1,0,2022-12-09 12:34:49,16
"461",7,0,8,3,0,2022-12-09 12:34:49,18
"462",17,0,1,0,0,2022-12-09 12:34:49,18
"463",13,0,2,0,0,2022-12-09 12:34:49,15
"464",13,0,2,1,0,2022-12-09 12:34:49,16
"465",10,0,5,3,0,2022-12-09 12:34:49,18
"466",6,0,9,1,0,2022-12-09 12:34:49,16
"467",2,0,9,0,0,2022-12-09 12:34:49,11
"468",8,0,2,0,0,2022-12-09 12:34:49,10
"469",17,0,2,0,0,2022-12-09 12:34:49,19
"470",6,0,13,0,0,2022-12-09 12:34:49,19
"471",6,0,13,0,0,2022-12-09 12:34:49,19
"472",13,0,6,0,0,2022-12-09 12:34:49,19
"473",10,0,8,1,1,2022-12-09 12:34:49,18
"474",23,0,0,0,0,2022-12-09 12:34:49,23
"475",3,0,12,0,0,2022-12-09 12:34:49,15
"476",8,0,6,0,1,2022-12-09 12:34:49,13
"477",10,0,5,0,0,2022-12-09 12:34:49,15
"478",4,0,7,0,0,2022-12-09 12:34:49,11
"479",9,0,2,0,0,2022-12-09 12:34:49,11
"480",8,0,7,0,0,2022-12-09 12:34:49,15
"481",10,0,1,0,0,2022-12-09 12:34:49,11
"482",1,0,18,0,0,2022-12-09 12:34:49,19
"483",15,0,4,0,0,2022-12-09 12:34:49,19
"484",19,0,0,0,0,2022-12-09 12:34:49,19
"485",1,0,18,2,0,2022-12-09 12:34:49,21
"486",11,0,4,0,0,2022-12-09 12:34:49,15
"487",17,0,1,1,0,2022-12-09 12:34:49,19
"488",8,0,11,0,0,2022-12-09 12:34:49,19
"490",0,0,19,0,0,2022-12-09 12:34:49,19
"491",7,0,8,0,0,2022-12-09 12:34:49,15
"492",8,0,3,0,0,2022-12-09 12:34:49,11
"493",14,0,5,1,0,2022-12-09 12:34:49,20
"494",1,0,18,0,0,2022-12-09 12:34:49,19
"495",8,0,3,0,0,2022-12-09 12:34:49,11
"496",14,0,5,0,0,2022-12-09 12:34:49,19
"497",3,0,16,0,0,2022-12-09 12:34:49,19
"498",9,0,6,1,0,2022-12-09 12:34:49,16
"499",15,0,4,2,0,2022-12-09 12:34:49,21
"500",11,0,4,0,0,2022-12-09 12:34:49,15
"501",7,0,11,0,0,2022-12-09 12:34:49,18
"505",15,0,0,0,0,2022-12-09 12:34:49,15
"506",18,0,1,0,0,2022-12-09 12:34:49,19
"507",10,0,5,1,0,2022-12-09 12:34:49,16
"508",14,0,5,0,0,2022-12-09 12:34:49,19
"509",13,0,6,0,0,2022-12-09 12:34:49,19
"510",17,0,2,0,0,2022-12-09 12:34:49,19
"511",12,0,2,0,0,2022-12-09 12:34:49,14
"512",15,0,10,0,0,2022-12-09 12:34:49,25
"513",10,0,5,1,0,2022-12-09 12:34:49,16
"514",13,0,2,0,0,2022-12-09 12:34:49,15
"515",12,0,4,0,0,2022-12-09 12:34:49,16
"516",4,0,11,0,0,2022-12-09 12:34:49,15
"517",6,0,8,0,0,2022-12-09 12:34:49,14
"518",8,0,7,0,0,2022-12-09 12:34:49,15
"519",4,0,11,1,0,2022-12-09 12:34:49,16
"520",8,0,5,0,0,2022-12-09 12:34:49,13
"521",4,0,11,1,0,2022-12-09 12:34:49,16
"522",17,0,0,0,0,2022-12-09 12:34:49,17
"523",5,0,11,0,0,2022-12-09 12:34:49,16
"524",1,0,14,0,0,2022-12-09 12:34:49,15
"525",0,0,15,0,0,2022-12-09 12:34:49,15
"527",9,0,13,0,1,2022-12-09 12:34:49,21
"530",9,0,6,0,0,2022-12-09 12:34:49,15
"531",11,0,8,0,0,2022-12-09 12:34:49,19
"532",18,0,0,0,0,2022-12-09 12:34:49,18
"533",2,0,17,4,0,2022-12-09 12:34:49,23
"534",6,0,12,1,0,2022-12-09 12:34:49,19
"535",2,0,16,1,1,2022-12-09 12:34:49,18
"536",9,0,4,0,2,2022-12-09 12:34:49,11
"537",12,0,3,0,0,2022-12-09 12:34:49,15
"538",18,0,1,0,0,2022-12-09 12:34:49,19
"539",6,0,13,0,0,2022-12-09 12:34:49,19
"540",19,0,0,0,0,2022-12-09 12:34:49,19
"542",1,0,10,0,0,2022-12-09 12:34:49,11
"543",3,0,16,0,0,2022-12-09 12:34:49,19
"544",13,0,6,0,0,2022-12-09 12:34:49,19
"545",14,0,4,0,1,2022-12-09 12:34:49,17
"546",4,0,29,0,0,2022-12-09 12:34:49,33
"547",5,0,12,0,0,2022-12-09 12:34:49,17
"548",18,0,1,0,0,2022-12-09 12:34:49,19
"549",5,0,18,2,0,2022-12-09 12:34:49,25
"550",18,0,1,1,0,2022-12-09 12:34:49,20
"551",17,0,2,0,0,2022-12-09 12:34:49,19
"552",6,0,12,0,1,2022-12-09 12:34:49,17
"553",13,0,6,0,0,2022-12-09 12:34:49,19
"554",12,0,6,0,1,2022-12-09 12:34:49,17
"555",15,0,4,0,0,2022-12-09 12:34:49,19
"556",8,0,9,0,2,2022-12-09 12:34:49,15
"560",9,0,10,0,0,2022-12-09 12:34:49,19
"561",4,0,11,0,0,2022-12-09 12:34:49,15
"562",5,0,10,1,0,2022-12-09 12:34:49,16
"563",13,0,2,0,0,2022-12-09 12:34:49,15
"564",8,0,7,0,0,2022-12-09 12:34:49,15
"565",11,0,4,0,0,2022-12-09 12:34:49,15
"566",11,0,4,0,0,2022-12-09 12:34:49,15
"567",7,0,10,1,0,2022-12-09 12:34:49,18
"568",8,0,6,0,0,2022-12-09 12:34:49,14
"569",7,0,8,0,0,2022-12-09 12:34:49,15
"570",8,0,6,0,0,2022-12-09 12:34:49,14
"571",7,0,5,1,0,2022-12-09 12:34:49,13
"572",0,0,12,1,0,2022-12-09 12:34:49,13
"573",2,0,10,0,0,2022-12-09 12:34:49,12
"574",4,0,8,0,0,2022-12-09 12:34:49,12
"575",2,0,10,0,0,2022-12-09 12:34:49,12
"576",10,0,2,1,0,2022-12-09 12:34:49,13
"577",0,0,12,0,0,2022-12-09 12:34:49,12
"578",8,0,4,0,0,2022-12-09 12:34:49,12
"579",4,0,8,0,0,2022-12-09 12:34:49,12
"580",12,0,0,0,0,2022-12-09 12:34:49,12
"581",14,0,5,0,0,2022-12-09 12:34:49,19
"582",5,0,6,0,0,2022-12-09 12:34:49,11
"583",5,0,14,2,0,2022-12-09 12:34:49,21
"584",7,0,4,0,0,2022-12-09 12:34:49,11
"585",2,0,8,0,0,2022-12-09 12:34:49,10
"586",12,0,7,0,0,2022-12-09 12:34:49,19
"587",14,0,5,0,0,2022-12-09 12:34:49,19
"588",13,0,2,0,0,2022-12-09 12:34:49,15
"589",12,0,7,2,0,2022-12-09 12:34:49,21
"590",19,0,0,0,0,2022-12-09 12:34:49,19
"591",26,0,1,0,0,2022-12-09 12:34:49,27
"592",12,0,7,0,0,2022-12-09 12:34:49,19
"593",9,0,7,1,0,2022-12-09 12:34:49,17
"594",14,0,5,0,0,2022-12-09 12:34:49,19
"595",11,0,6,0,0,2022-12-09 12:34:49,17
"596",7,0,10,0,0,2022-12-09 12:34:49,17
"597",13,0,4,0,0,2022-12-09 12:34:49,17
"598",9,0,2,0,0,2022-12-09 12:34:49,11
"599",13,0,1,0,0,2022-12-09 12:34:49,14
"601",3,0,11,0,1,2022-12-09 12:34:49,13
"602",9,0,10,1,0,2022-12-09 12:34:49,20
"603",15,0,3,1,0,2022-12-09 12:34:49,19
"604",11,0,4,0,0,2022-12-09 12:34:49,15
"605",7,0,10,2,1,2022-12-09 12:34:49,18
"606",7,0,12,1,0,2022-12-09 12:34:49,20
"607",12,0,7,0,0,2022-12-09 12:34:49,19
"608",17,0,2,0,0,2022-12-09 12:34:49,19
"609",2,0,14,0,0,2022-12-09 12:34:49,16
"610",7,0,12,0,0,2022-12-09 12:34:49,19
"611",7,0,10,3,0,2022-12-09 12:34:49,20
"612",11,0,8,0,0,2022-12-09 12:34:49,19
"613",18,0,1,0,0,2022-12-09 12:34:49,19
"614",11,0,4,0,0,2022-12-09 12:34:49,15
"615",19,0,4,0,0,2022-12-09 12:34:49,23
"616",17,0,2,1,0,2022-12-09 12:34:49,20
"617",13,0,6,0,0,2022-12-09 12:34:49,19
"618",14,0,5,0,0,2022-12-09 12:34:49,19
"619",8,0,11,0,0,2022-12-09 12:34:49,19
"620",18,0,1,0,0,2022-12-09 12:34:49,19
"621",13,0,6,0,0,2022-12-09 12:34:49,19
"622",11,0,1,0,0,2022-12-09 12:34:49,12
"623",3,0,16,0,0,2022-12-09 12:34:49,19
"624",14,0,4,0,1,2022-12-09 12:34:49,17
"625",5,0,6,0,0,2022-12-09 12:34:49,11
"626",15,0,2,0,0,2022-12-09 12:34:49,17
"628",8,0,4,0,0,2022-12-09 12:34:49,12
"629",15,0,4,0,0,2022-12-09 12:34:49,19
"630",9,0,5,0,0,2022-12-09 12:34:49,14
"632",9,0,5,0,0,2022-12-09 12:34:49,14
"633",15,0,4,1,0,2022-12-09 12:34:49,20
"634",11,0,7,0,1,2022-12-09 12:34:49,17
"636",13,0,0,0,2,2022-12-09 12:34:49,11
"637",15,0,4,0,0,2022-12-09 12:34:49,19
"638",18,0,1,0,0,2022-12-09 12:34:49,19
"639",6,0,13,0,0,2022-12-09 12:34:49,19
"640",14,0,5,1,0,2022-12-09 12:34:49,20
"641",15,0,0,0,0,2022-12-09 12:34:49,15
"642",2,0,17,0,0,2022-12-09 12:34:49,19
"643",6,0,5,0,0,2022-12-09 12:34:49,11
"645",13,0,6,0,0,2022-12-09 12:34:49,19
"646",3,0,15,0,0,2022-12-09 12:34:49,18
"647",8,0,11,0,0,2022-12-09 12:34:49,19
"648",1,0,18,0,0,2022-12-09 12:34:49,19
"649",6,0,7,0,0,2022-12-09 12:34:49,13
"650",14,0,1,0,0,2022-12-09 12:34:49,15
"651",11,0,4,0,0,2022-12-09 12:34:49,15
"652",12,0,4,0,0,2022-12-09 12:34:49,16
"653",11,0,4,0,0,2022-12-09 12:34:49,15
"654",10,0,9,0,0,2022-12-09 12:34:49,19
"655",11,0,8,0,0,2022-12-09 12:34:49,19
"656",18,0,1,0,0,2022-12-09 12:34:49,19
"657",6,0,17,0,0,2022-12-09 12:34:49,23
"659",14,0,5,0,0,2022-12-09 12:34:49,19
"662",6,0,5,0,0,2022-12-09 12:34:49,11
"663",14,0,1,0,0,2022-12-09 12:34:49,15
"664",12,0,3,0,0,2022-12-09 12:34:49,15
"665",9,0,10,1,0,2022-12-09 12:34:49,20
"667",6,0,5,0,0,2022-12-09 12:34:49,11
"668",13,0,2,0,0,2022-12-09 12:34:49,15
"669",9,0,2,0,0,2022-12-09 12:34:49,11
"670",10,0,11,0,0,2022-12-09 12:34:49,21
"671",10,0,4,0,1,2022-12-09 12:34:49,13
"672",10,0,5,0,0,2022-12-09 12:34:49,15
"673",7,0,8,0,0,2022-12-09 12:34:49,15
"674",6,0,3,0,1,2022-12-09 12:34:49,8
"676",5,0,7,0,0,2022-12-09 12:34:49,12
"678",7,0,5,0,0,2022-12-09 12:34:49,12
"679",5,0,7,0,0,2022-12-09 12:34:49,12
"680",8,0,4,0,0,2022-12-09 12:34:49,12
"682",6,0,6,0,0,2022-12-09 12:34:49,12
"684",5,0,7,0,0,2022-12-09 12:34:49,12
"686",9,0,3,0,0,2022-12-09 12:34:49,12
"687",6,0,6,0,0,2022-12-09 12:34:49,12
"688",10,0,2,0,0,2022-12-09 12:34:49,12
"689",7,0,5,0,0,2022-12-09 12:34:49,12
"690",4,0,7,0,0,2022-12-09 12:34:49,11
"691",8,0,4,0,0,2022-12-09 12:34:49,12
"692",6,0,5,1,0,2022-12-09 12:34:49,12
"693",8,0,3,0,0,2022-12-09 12:34:49,11
"694",18,0,1,0,0,2022-12-09 12:34:49,19
"695",5,0,7,0,0,2022-12-09 12:34:49,12
"696",12,0,0,0,0,2022-12-09 12:34:49,12
"697",18,0,1,0,0,2022-12-09 12:34:49,19
"698",11,0,4,1,0,2022-12-09 12:34:49,16
"701",4,0,7,0,0,2022-12-09 12:34:49,11
"702",4,0,8,0,0,2022-12-09 12:34:49,12
"704",19,0,0,0,0,2022-12-09 12:34:49,19
"705",15,0,4,0,0,2022-12-09 12:34:49,19
"706",6,0,13,0,0,2022-12-09 12:34:49,19
"707",19,0,0,0,0,2022-12-09 12:34:49,19
"708",18,0,1,0,0,2022-12-09 12:34:49,19
"709",10,0,5,0,0,2022-12-09 12:34:49,15
"710",14,0,1,0,0,2022-12-09 12:34:49,15
"711",7,0,8,0,0,2022-12-09 12:34:49,15
"712",18,0,1,0,0,2022-12-09 12:34:49,19
"713",0,0,11,0,0,2022-12-09 12:34:49,11
"715",12,0,4,0,0,2022-12-09 12:34:49,16
"716",9,0,3,0,0,2022-12-09 12:34:49,12
"717",15,0,4,0,0,2022-12-09 12:34:49,19
"718",3,0,13,0,0,2022-12-09 12:34:49,16
"719",8,0,3,0,0,2022-12-09 12:34:49,11
"720",11,0,4,0,0,2022-12-09 12:34:49,15
"721",10,0,5,0,0,2022-12-09 12:34:49,15
"722",5,0,5,0,0,2022-12-09 12:34:49,10
"724",12,0,4,0,0,2022-12-09 12:34:49,16
"725",12,0,3,0,0,2022-12-09 12:34:49,15
"726",1,0,14,1,0,2022-12-09 12:34:49,16
"727",9,0,10,0,0,2022-12-09 12:34:49,19
"728",15,0,3,0,1,2022-12-09 12:34:49,17
"729",16,0,0,0,0,2022-12-09 12:34:49,16
"730",10,0,4,0,0,2022-12-09 12:34:49,14
"731",6,0,7,0,0,2022-12-09 12:34:49,13
"732",13,0,2,0,0,2022-12-09 12:34:49,15
"734",4,0,7,0,0,2022-12-09 12:34:49,11
"735",5,0,13,0,1,2022-12-09 12:34:49,17
"736",8,0,10,1,1,2022-12-09 12:34:49,18
"737",11,0,6,1,0,2022-12-09 12:34:49,18
"738",23,0,0,0,0,2022-12-09 12:34:49,23
"739",2,0,16,0,0,2022-12-09 12:34:49,18
"740",15,0,0,0,0,2022-12-09 12:34:49,15
"741",6,0,13,0,0,2022-12-09 12:34:49,19
"742",18,0,1,0,0,2022-12-09 12:34:49,19
"743",6,0,8,0,1,2022-12-09 12:34:49,13
"744",12,0,4,0,0,2022-12-09 12:34:49,16
"745",4,0,8,0,0,2022-12-09 12:34:49,12
"746",10,0,9,0,0,2022-12-09 12:34:49,19
"747",7,0,11,0,1,2022-12-09 12:34:49,17
"748",15,0,4,1,0,2022-12-09 12:34:49,20
"749",14,0,1,0,0,2022-12-09 12:34:49,15
"750",15,0,2,0,0,2022-12-09 12:34:49,17
"751",4,0,11,0,0,2022-12-09 12:34:49,15
"752",8,0,7,1,0,2022-12-09 12:34:49,16
"753",13,0,6,0,0,2022-12-09 12:34:49,19
"13c42471-96ab-441d-9a4c-bc57f7af6f9b",5,0,7,0,0,2022-12-09 12:35:54,12
"e976c0ab-bc21-42b3-a2c2-b90def6f54f4",3,0,9,0,0,2022-12-09 12:35:54,12
"e823318f-8406-4230-8072-1667f5de78d4",16,0,3,0,0,2022-12-09 12:35:54,19
"3c6a1bf0-3aac-4406-990d-966cc8edca52",3,0,8,0,0,2022-12-09 12:35:54,11
"8aa43882-2e93-41fb-b55d-a6a15b5b446b",1,0,9,0,2,2022-12-09 12:35:54,8
"1",14,0,1,0,0,2022-12-09 12:35:54,15
"3",4,0,13,0,0,2022-12-09 12:35:54,17
"4",12,0,4,0,0,2022-12-09 12:35:54,16
"5",9,0,3,0,0,2022-12-09 12:35:54,12
"6",5,0,14,0,0,2022-12-09 12:35:54,19
"7",4,0,12,0,0,2022-12-09 12:35:54,16
"8",12,0,7,0,0,2022-12-09 12:35:54,19
"10",10,0,2,0,0,2022-12-09 12:35:54,12
"11",5,0,6,0,0,2022-12-09 12:35:54,11
"12",16,0,1,1,0,2022-12-09 12:35:54,18
"13",8,0,4,0,0,2022-12-09 12:35:54,12
"14",0,0,15,1,0,2022-12-09 12:35:54,16
"15",27,0,3,1,1,2022-12-09 12:35:54,30
"16",29,0,10,0,0,2022-12-09 12:35:54,39
"18",19,0,0,0,0,2022-12-09 12:35:54,19
"19",18,0,0,0,1,2022-12-09 12:35:54,17
"20",19,0,4,0,0,2022-12-09 12:35:54,23
"21",18,0,1,0,0,2022-12-09 12:35:54,19
"22",5,0,18,0,0,2022-12-09 12:35:54,23
"23",12,0,7,1,0,2022-12-09 12:35:54,20
"24",17,0,2,0,0,2022-12-09 12:35:54,19
"25",16,0,7,0,0,2022-12-09 12:35:54,23
"26",2,0,13,0,0,2022-12-09 12:35:54,15
"27",10,0,25,1,0,2022-12-09 12:35:54,36
"28",14,0,5,0,0,2022-12-09 12:35:54,19
"29",10,0,9,0,0,2022-12-09 12:35:54,19
"30",9,0,1,0,0,2022-12-09 12:35:54,10
"31",15,0,4,1,0,2022-12-09 12:35:54,20
"32",0,0,14,1,0,2022-12-09 12:35:54,15
"33",32,0,2,1,0,2022-12-09 12:35:54,35
"34",14,0,5,0,0,2022-12-09 12:35:54,19
"35",9,0,2,0,0,2022-12-09 12:35:54,11
"36",3,0,8,1,0,2022-12-09 12:35:54,12
"37",3,0,12,0,0,2022-12-09 12:35:54,15
"38",3,0,8,0,0,2022-12-09 12:35:54,11
"39",6,0,13,0,0,2022-12-09 12:35:54,19
"40",3,0,7,0,0,2022-12-09 12:35:54,10
"41",0,0,10,1,1,2022-12-09 12:35:54,10
"42",11,0,2,1,1,2022-12-09 12:35:54,13
"43",14,0,1,0,0,2022-12-09 12:35:54,15
"44",13,0,0,0,1,2022-12-09 12:35:54,12
"45",10,0,29,1,0,2022-12-09 12:35:54,40
"46",13,0,1,0,1,2022-12-09 12:35:54,13
"47",5,0,10,0,0,2022-12-09 12:35:54,15
"48",13,0,2,0,0,2022-12-09 12:35:54,15
"49",11,0,5,0,1,2022-12-09 12:35:54,15
"51",7,0,37,2,1,2022-12-09 12:35:54,45
"52",10,0,5,1,0,2022-12-09 12:35:54,16
"53",0,0,17,1,1,2022-12-09 12:35:54,17
"54",6,0,16,0,1,2022-12-09 12:35:54,21
"55",4,0,10,0,1,2022-12-09 12:35:54,13
"56",2,0,9,0,0,2022-12-09 12:35:54,11
"57",6,0,8,2,0,2022-12-09 12:35:54,16
"58",12,0,2,0,0,2022-12-09 12:35:54,14
"59",15,0,3,0,1,2022-12-09 12:35:54,17
"60",11,0,4,0,0,2022-12-09 12:35:54,15
"61",6,0,9,0,0,2022-12-09 12:35:54,15
"62",5,0,6,1,0,2022-12-09 12:35:54,12
"63",14,0,1,0,0,2022-12-09 12:35:54,15
"64",14,0,5,1,0,2022-12-09 12:35:54,20
"65",4,0,7,1,0,2022-12-09 12:35:54,12
"66",9,0,0,0,1,2022-12-09 12:35:54,8
"67",6,0,4,0,0,2022-12-09 12:35:54,10
"68",7,0,8,0,0,2022-12-09 12:35:54,15
"69",1,0,22,0,0,2022-12-09 12:35:54,23
"70",10,0,1,0,0,2022-12-09 12:35:54,11
"71",6,0,33,0,0,2022-12-09 12:35:54,39
"72",1,0,18,0,0,2022-12-09 12:35:54,19
"73",7,0,3,0,0,2022-12-09 12:35:54,10
"74",2,0,12,0,0,2022-12-09 12:35:54,14
"75",7,0,8,1,0,2022-12-09 12:35:54,16
"76",13,0,18,1,0,2022-12-09 12:35:54,32
"77",4,0,15,0,0,2022-12-09 12:35:54,19
"78",9,0,10,0,0,2022-12-09 12:35:54,19
"79",0,0,27,0,0,2022-12-09 12:35:54,27
"80",15,0,0,0,0,2022-12-09 12:35:54,15
"81",8,0,19,0,0,2022-12-09 12:35:54,27
"82",27,0,4,0,0,2022-12-09 12:35:54,31
"83",9,0,10,0,0,2022-12-09 12:35:54,19
"84",10,0,10,0,2,2022-12-09 12:35:54,18
"85",13,0,2,0,0,2022-12-09 12:35:54,15
"86",0,0,19,0,0,2022-12-09 12:35:54,19
"87",0,0,23,0,0,2022-12-09 12:35:54,23
"88",2,0,17,0,0,2022-12-09 12:35:54,19
"89",22,0,1,0,0,2022-12-09 12:35:54,23
"90",10,0,1,1,0,2022-12-09 12:35:54,12
"91",0,0,23,1,0,2022-12-09 12:35:54,24
"92",6,0,27,2,0,2022-12-09 12:35:54,35
"93",19,0,0,0,0,2022-12-09 12:35:54,19
"94",9,0,12,1,0,2022-12-09 12:35:54,22
"95",10,0,13,0,0,2022-12-09 12:35:54,23
"96",10,0,7,0,2,2022-12-09 12:35:54,15
"97",10,0,5,1,0,2022-12-09 12:35:54,16
"98",11,0,0,0,0,2022-12-09 12:35:54,11
"99",14,0,9,1,1,2022-12-09 12:35:54,23
"100",5,0,5,2,0,2022-12-09 12:35:54,12
"101",17,0,12,0,0,2022-12-09 12:35:54,29
"102",22,0,0,0,0,2022-12-09 12:35:54,22
"103",2,0,37,1,0,2022-12-09 12:35:54,40
"104",11,0,14,0,0,2022-12-09 12:35:54,25
"105",19,0,8,0,0,2022-12-09 12:35:54,27
"106",16,0,19,1,0,2022-12-09 12:35:54,36
"107",8,0,11,0,0,2022-12-09 12:35:54,19
"108",7,0,8,0,0,2022-12-09 12:35:54,15
"109",20,0,15,2,0,2022-12-09 12:35:54,37
"110",4,0,19,2,0,2022-12-09 12:35:54,25
"112",4,0,10,0,1,2022-12-09 12:35:54,13
"113",1,0,53,0,0,2022-12-09 12:35:54,54
"114",18,0,5,0,0,2022-12-09 12:35:54,23
"115",23,0,0,0,0,2022-12-09 12:35:54,23
"116",15,0,0,0,0,2022-12-09 12:35:54,15
"117",0,0,22,0,1,2022-12-09 12:35:54,21
"118",9,0,6,0,0,2022-12-09 12:35:54,15
"124",10,0,20,0,1,2022-12-09 12:35:54,29
"125",3,0,12,0,0,2022-12-09 12:35:54,15
"126",6,0,12,1,1,2022-12-09 12:35:54,18
"127",0,0,15,0,0,2022-12-09 12:35:54,15
"128",13,0,6,2,0,2022-12-09 12:35:54,21
"129",11,0,4,0,0,2022-12-09 12:35:54,15
"130",14,0,1,1,0,2022-12-09 12:35:54,16
"131",3,0,9,0,0,2022-12-09 12:35:54,12
"132",11,0,4,0,0,2022-12-09 12:35:54,15
"133",0,0,15,0,0,2022-12-09 12:35:54,15
"134",3,0,12,2,0,2022-12-09 12:35:54,17
"135",9,0,10,0,0,2022-12-09 12:35:54,19
"136",6,0,17,0,0,2022-12-09 12:35:54,23
"137",31,0,2,1,0,2022-12-09 12:35:54,34
"138",12,0,0,0,0,2022-12-09 12:35:54,12
"139",13,0,2,0,0,2022-12-09 12:35:54,15
"140",13,0,8,0,0,2022-12-09 12:35:54,21
"141",3,0,23,1,1,2022-12-09 12:35:54,26
"142",0,0,39,0,0,2022-12-09 12:35:54,39
"143",0,0,19,0,0,2022-12-09 12:35:54,19
"144",16,0,3,1,0,2022-12-09 12:35:54,20
"145",13,0,1,0,1,2022-12-09 12:35:54,13
"146",6,0,8,0,0,2022-12-09 12:35:54,14
"147",14,0,0,0,0,2022-12-09 12:35:54,14
"148",24,0,2,0,0,2022-12-09 12:35:54,26
"149",19,0,0,0,0,2022-12-09 12:35:54,19
"150",4,0,14,0,0,2022-12-09 12:35:54,18
"151",14,0,1,0,0,2022-12-09 12:35:54,15
"152",10,0,5,0,0,2022-12-09 12:35:54,15
"153",0,0,19,0,0,2022-12-09 12:35:54,19
"154",12,0,3,0,0,2022-12-09 12:35:54,15
"155",10,0,4,0,1,2022-12-09 12:35:54,13
"156",10,0,2,0,0,2022-12-09 12:35:54,12
"157",4,0,7,0,0,2022-12-09 12:35:54,11
"158",16,0,0,0,0,2022-12-09 12:35:54,16
"159",3,0,20,1,0,2022-12-09 12:35:54,24
"160",11,0,1,0,0,2022-12-09 12:35:54,12
"161",15,0,2,0,0,2022-12-09 12:35:54,17
"162",22,0,1,0,0,2022-12-09 12:35:54,23
"163",19,0,0,0,0,2022-12-09 12:35:54,19
"164",5,0,10,0,0,2022-12-09 12:35:54,15
"165",13,0,6,0,0,2022-12-09 12:35:54,19
"166",8,0,4,0,0,2022-12-09 12:35:54,12
"167",10,0,5,0,0,2022-12-09 12:35:54,15
"168",20,0,2,0,0,2022-12-09 12:35:54,22
"169",3,0,32,1,0,2022-12-09 12:35:54,36
"170",11,0,3,0,1,2022-12-09 12:35:54,13
"171",1,0,15,0,1,2022-12-09 12:35:54,15
"172",6,0,6,1,0,2022-12-09 12:35:54,13
"173",0,0,15,0,0,2022-12-09 12:35:54,15
"174",13,0,2,1,0,2022-12-09 12:35:54,16
"175",4,0,8,0,0,2022-12-09 12:35:54,12
"176",13,0,9,0,0,2022-12-09 12:35:54,22
"177",6,0,9,0,0,2022-12-09 12:35:54,15
"178",15,0,7,0,1,2022-12-09 12:35:54,21
"179",7,0,7,0,1,2022-12-09 12:35:54,13
"180",10,0,1,0,0,2022-12-09 12:35:54,11
"181",10,0,4,0,0,2022-12-09 12:35:54,14
"182",2,0,8,0,0,2022-12-09 12:35:54,10
"183",16,0,3,0,0,2022-12-09 12:35:54,19
"185",0,0,19,0,0,2022-12-09 12:35:54,19
"186",15,0,4,0,0,2022-12-09 12:35:54,19
"187",0,0,19,0,0,2022-12-09 12:35:54,19
"188",0,0,22,1,1,2022-12-09 12:35:54,22
"189",11,0,7,2,0,2022-12-09 12:35:54,20
"190",4,0,11,2,0,2022-12-09 12:35:54,17
"191",12,1,1,1,0,2022-12-09 12:35:54,13
"192",0,0,15,0,0,2022-12-09 12:35:54,15
"193",9,0,17,0,1,2022-12-09 12:35:54,25
"194",8,0,7,0,0,2022-12-09 12:35:54,15
"195",16,0,1,0,0,2022-12-09 12:35:54,17
"196",19,0,10,0,0,2022-12-09 12:35:54,29
"197",22,0,1,0,0,2022-12-09 12:35:54,23
"198",1,0,13,0,0,2022-12-09 12:35:54,14
"199",0,0,14,0,1,2022-12-09 12:35:54,13
"200",1,0,10,0,3,2022-12-09 12:35:54,8
"202",8,0,4,0,0,2022-12-09 12:35:54,12
"203",11,0,0,0,0,2022-12-09 12:35:54,11
"204",14,0,10,0,0,2022-12-09 12:35:54,24
"206",0,0,15,2,0,2022-12-09 12:35:54,17
"207",14,0,5,1,0,2022-12-09 12:35:54,20
"208",15,0,0,0,0,2022-12-09 12:35:54,15
"209",5,0,10,0,0,2022-12-09 12:35:54,15
"210",11,0,11,0,1,2022-12-09 12:35:54,21
"211",15,0,0,0,0,2022-12-09 12:35:54,15
"212",5,0,7,0,0,2022-12-09 12:35:54,12
"213",7,0,8,0,0,2022-12-09 12:35:54,15
"214",21,0,0,0,1,2022-12-09 12:35:54,20
"215",12,0,3,0,0,2022-12-09 12:35:54,15
"216",11,0,6,4,0,2022-12-09 12:35:54,21
"217",10,0,9,0,0,2022-12-09 12:35:54,19
"218",6,0,12,0,0,2022-12-09 12:35:54,18
"219",10,0,2,0,0,2022-12-09 12:35:54,12
"220",5,0,7,1,0,2022-12-09 12:35:54,13
"221",4,0,8,1,0,2022-12-09 12:35:54,13
"222",3,0,9,0,0,2022-12-09 12:35:54,12
"223",5,0,10,0,0,2022-12-09 12:35:54,15
"224",2,0,9,2,0,2022-12-09 12:35:54,13
"225",4,0,11,0,0,2022-12-09 12:35:54,15
"226",17,0,2,0,0,2022-12-09 12:35:54,19
"227",7,0,10,0,0,2022-12-09 12:35:54,17
"228",21,0,2,0,0,2022-12-09 12:35:54,23
"229",3,0,16,0,0,2022-12-09 12:35:54,19
"230",15,0,0,0,0,2022-12-09 12:35:54,15
"231",9,0,1,0,1,2022-12-09 12:35:54,9
"232",7,0,8,0,0,2022-12-09 12:35:54,15
"233",11,0,0,0,0,2022-12-09 12:35:54,11
"234",20,0,3,0,0,2022-12-09 12:35:54,23
"235",3,0,12,1,0,2022-12-09 12:35:54,16
"236",6,0,12,1,1,2022-12-09 12:35:54,18
"237",6,0,8,3,0,2022-12-09 12:35:54,17
"239",5,0,5,2,0,2022-12-09 12:35:54,12
"240",9,0,2,0,0,2022-12-09 12:35:54,11
"241",9,0,5,0,0,2022-12-09 12:35:54,14
"242",30,0,0,0,1,2022-12-09 12:35:54,29
"243",3,0,8,0,0,2022-12-09 12:35:54,11
"244",8,0,9,0,0,2022-12-09 12:35:54,17
"245",3,0,8,0,0,2022-12-09 12:35:54,11
"246",8,0,3,0,0,2022-12-09 12:35:54,11
"247",6,0,7,0,0,2022-12-09 12:35:54,13
"248",4,0,11,0,0,2022-12-09 12:35:54,15
"249",13,0,2,0,0,2022-12-09 12:35:54,15
"250",18,0,0,0,0,2022-12-09 12:35:54,18
"251",1,0,26,0,0,2022-12-09 12:35:54,27
"252",0,0,31,2,0,2022-12-09 12:35:54,33
"253",4,0,10,0,1,2022-12-09 12:35:54,13
"254",15,0,0,0,0,2022-12-09 12:35:54,15
"255",12,0,0,0,0,2022-12-09 12:35:54,12
"256",4,0,11,0,0,2022-12-09 12:35:54,15
"257",9,0,2,0,0,2022-12-09 12:35:54,11
"258",6,0,9,1,0,2022-12-09 12:35:54,16
"259",15,0,4,0,0,2022-12-09 12:35:54,19
"260",11,0,0,0,0,2022-12-09 12:35:54,11
"261",12,0,7,0,0,2022-12-09 12:35:54,19
"262",12,0,6,0,1,2022-12-09 12:35:54,17
"263",9,0,2,0,0,2022-12-09 12:35:54,11
"264",7,0,8,0,0,2022-12-09 12:35:54,15
"265",11,0,0,0,0,2022-12-09 12:35:54,11
"266",5,0,4,0,0,2022-12-09 12:35:54,9
"268",4,0,15,0,0,2022-12-09 12:35:54,19
"269",11,0,8,0,0,2022-12-09 12:35:54,19
"270",10,0,1,0,0,2022-12-09 12:35:54,11
"271",17,0,2,0,0,2022-12-09 12:35:54,19
"272",15,0,0,0,0,2022-12-09 12:35:54,15
"273",8,0,11,0,0,2022-12-09 12:35:54,19
"274",19,0,0,0,0,2022-12-09 12:35:54,19
"275",15,0,0,0,0,2022-12-09 12:35:54,15
"277",8,0,7,0,0,2022-12-09 12:35:54,15
"278",9,0,6,1,0,2022-12-09 12:35:54,16
"279",11,0,4,0,0,2022-12-09 12:35:54,15
"280",15,0,0,0,0,2022-12-09 12:35:54,15
"282",13,0,2,0,0,2022-12-09 12:35:54,15
"283",9,0,5,2,0,2022-12-09 12:35:54,16
"284",18,0,3,0,0,2022-12-09 12:35:54,21
"285",7,0,3,0,0,2022-12-09 12:35:54,10
"286",12,0,3,0,0,2022-12-09 12:35:54,15
"287",5,0,10,1,0,2022-12-09 12:35:54,16
"288",8,0,6,0,0,2022-12-09 12:35:54,14
"289",10,0,1,0,0,2022-12-09 12:35:54,11
"290",10,0,1,0,0,2022-12-09 12:35:54,11
"293",6,0,9,0,0,2022-12-09 12:35:54,15
"294",10,0,9,0,0,2022-12-09 12:35:54,19
"295",14,0,0,0,0,2022-12-09 12:35:54,14
"296",9,0,2,0,0,2022-12-09 12:35:54,11
"297",10,0,5,1,0,2022-12-09 12:35:54,16
"298",16,0,2,0,0,2022-12-09 12:35:54,18
"299",8,0,7,0,0,2022-12-09 12:35:54,15
"301",16,0,3,0,0,2022-12-09 12:35:54,19
"302",8,0,11,1,0,2022-12-09 12:35:54,20
"303",2,0,9,1,0,2022-12-09 12:35:54,12
"304",13,0,2,0,0,2022-12-09 12:35:54,15
"305",10,0,7,1,0,2022-12-09 12:35:54,18
"306",2,0,9,1,0,2022-12-09 12:35:54,12
"307",10,0,5,0,1,2022-12-09 12:35:54,14
"308",10,0,9,0,0,2022-12-09 12:35:54,19
"309",19,0,0,0,0,2022-12-09 12:35:54,19
"310",17,0,1,0,1,2022-12-09 12:35:54,17
"311",6,0,5,0,0,2022-12-09 12:35:54,11
"312",6,0,9,0,0,2022-12-09 12:35:54,15
"313",4,0,10,1,0,2022-12-09 12:35:54,15
"314",11,0,4,0,0,2022-12-09 12:35:54,15
"315",7,0,8,0,0,2022-12-09 12:35:54,15
"316",13,0,6,0,0,2022-12-09 12:35:54,19
"317",11,0,0,0,0,2022-12-09 12:35:54,11
"318",12,0,1,0,0,2022-12-09 12:35:54,13
"319",7,0,8,1,0,2022-12-09 12:35:54,16
"320",16,0,3,1,0,2022-12-09 12:35:54,20
"321",13,0,5,2,0,2022-12-09 12:35:54,20
"322",14,0,5,1,0,2022-12-09 12:35:54,20
"323",8,0,3,0,0,2022-12-09 12:35:54,11
"324",3,0,11,0,1,2022-12-09 12:35:54,13
"325",14,0,5,0,0,2022-12-09 12:35:54,19
"326",9,0,10,0,0,2022-12-09 12:35:54,19
"327",14,0,4,0,1,2022-12-09 12:35:54,17
"328",12,0,0,0,0,2022-12-09 12:35:54,12
"329",5,0,14,0,0,2022-12-09 12:35:54,19
"330",0,0,18,0,1,2022-12-09 12:35:54,17
"331",12,0,3,0,0,2022-12-09 12:35:54,15
"332",13,0,2,0,0,2022-12-09 12:35:54,15
"333",8,0,7,1,0,2022-12-09 12:35:54,16
"334",2,0,19,0,2,2022-12-09 12:35:54,19
"335",15,0,0,0,0,2022-12-09 12:35:54,15
"336",3,0,14,0,2,2022-12-09 12:35:54,15
"337",13,0,2,0,0,2022-12-09 12:35:54,15
"338",6,0,5,0,0,2022-12-09 12:35:54,11
"339",18,0,1,0,0,2022-12-09 12:35:54,19
"340",11,0,0,0,0,2022-12-09 12:35:54,11
"341",8,0,7,0,0,2022-12-09 12:35:54,15
"342",9,0,5,0,1,2022-12-09 12:35:54,13
"343",0,0,14,1,0,2022-12-09 12:35:54,15
"344",8,0,13,0,0,2022-12-09 12:35:54,21
"345",3,0,11,0,1,2022-12-09 12:35:54,13
"346",6,0,9,0,0,2022-12-09 12:35:54,15
"347",18,0,1,0,0,2022-12-09 12:35:54,19
"348",8,0,14,1,0,2022-12-09 12:35:54,23
"349",20,0,15,1,0,2022-12-09 12:35:54,36
"350",14,0,1,0,0,2022-12-09 12:35:54,15
"351",17,0,2,0,0,2022-12-09 12:35:54,19
"352",10,0,5,1,0,2022-12-09 12:35:54,16
"353",9,0,13,0,0,2022-12-09 12:35:54,22
"354",10,0,4,0,0,2022-12-09 12:35:54,14
"355",11,0,4,0,0,2022-12-09 12:35:54,15
"356",13,0,2,0,0,2022-12-09 12:35:54,15
"357",12,0,11,1,0,2022-12-09 12:35:54,24
"358",16,0,2,1,0,2022-12-09 12:35:54,19
"359",8,0,7,0,0,2022-12-09 12:35:54,15
"364",9,0,2,1,0,2022-12-09 12:35:54,12
"365",0,0,19,0,0,2022-12-09 12:35:54,19
"367",17,0,6,0,0,2022-12-09 12:35:54,23
"368",3,0,12,0,0,2022-12-09 12:35:54,15
"369",10,0,11,0,2,2022-12-09 12:35:54,19
"370",12,0,5,1,1,2022-12-09 12:35:54,17
"371",17,0,2,0,0,2022-12-09 12:35:54,19
"373",4,0,15,0,0,2022-12-09 12:35:54,19
"374",17,0,0,0,2,2022-12-09 12:35:54,15
"375",12,0,10,1,1,2022-12-09 12:35:54,22
"376",19,0,0,0,0,2022-12-09 12:35:54,19
"377",3,0,11,3,0,2022-12-09 12:35:54,17
"378",9,0,6,0,0,2022-12-09 12:35:54,15
"379",8,0,11,0,0,2022-12-09 12:35:54,19
"380",10,0,4,0,0,2022-12-09 12:35:54,14
"381",3,0,12,0,0,2022-12-09 12:35:54,15
"382",12,0,3,0,0,2022-12-09 12:35:54,15
"383",17,0,1,1,0,2022-12-09 12:35:54,19
"384",9,0,2,0,0,2022-12-09 12:35:54,11
"385",16,0,3,2,0,2022-12-09 12:35:54,21
"386",19,0,0,0,0,2022-12-09 12:35:54,19
"387",16,0,2,0,1,2022-12-09 12:35:54,17
"388",12,0,3,0,0,2022-12-09 12:35:54,15
"389",9,0,2,0,0,2022-12-09 12:35:54,11
"390",4,0,15,1,0,2022-12-09 12:35:54,20
"391",13,0,1,0,1,2022-12-09 12:35:54,13
"392",14,0,5,1,0,2022-12-09 12:35:54,20
"393",0,0,19,0,0,2022-12-09 12:35:54,19
"394",3,0,16,0,0,2022-12-09 12:35:54,19
"395",12,0,7,0,0,2022-12-09 12:35:54,19
"396",4,0,11,0,0,2022-12-09 12:35:54,15
"397",20,0,2,0,0,2022-12-09 12:35:54,22
"398",10,0,9,0,0,2022-12-09 12:35:54,19
"399",13,0,5,0,0,2022-12-09 12:35:54,18
"400",12,0,11,0,0,2022-12-09 12:35:54,23
"401",7,0,12,0,0,2022-12-09 12:35:54,19
"402",21,0,2,0,0,2022-12-09 12:35:54,23
"403",12,0,11,0,0,2022-12-09 12:35:54,23
"404",7,0,12,0,0,2022-12-09 12:35:54,19
"405",3,0,11,0,0,2022-12-09 12:35:54,14
"406",6,0,9,0,0,2022-12-09 12:35:54,15
"407",7,0,8,0,0,2022-12-09 12:35:54,15
"408",11,0,19,0,1,2022-12-09 12:35:54,29
"409",16,0,3,0,0,2022-12-09 12:35:54,19
"410",15,0,4,0,0,2022-12-09 12:35:54,19
"411",14,0,5,0,0,2022-12-09 12:35:54,19
"412",0,0,14,0,0,2022-12-09 12:35:54,14
"413",15,0,7,0,1,2022-12-09 12:35:54,21
"414",0,0,15,0,0,2022-12-09 12:35:54,15
"415",13,0,1,0,1,2022-12-09 12:35:54,13
"416",9,0,6,1,0,2022-12-09 12:35:54,16
"417",8,0,11,0,0,2022-12-09 12:35:54,19
"418",31,0,0,0,0,2022-12-09 12:35:54,31
"419",6,0,19,0,0,2022-12-09 12:35:54,25
"420",24,0,0,0,0,2022-12-09 12:35:54,24
"421",11,0,8,0,0,2022-12-09 12:35:54,19
"422",11,0,4,0,0,2022-12-09 12:35:54,15
"423",19,0,4,0,0,2022-12-09 12:35:54,23
"424",9,0,6,0,0,2022-12-09 12:35:54,15
"425",6,0,5,1,0,2022-12-09 12:35:54,12
"427",6,0,5,0,0,2022-12-09 12:35:54,11
"428",8,0,3,1,0,2022-12-09 12:35:54,12
"429",11,0,0,0,0,2022-12-09 12:35:54,11
"430",7,0,6,0,0,2022-12-09 12:35:54,13
"431",4,0,7,0,0,2022-12-09 12:35:54,11
"432",5,0,6,0,0,2022-12-09 12:35:54,11
"433",4,0,7,0,0,2022-12-09 12:35:54,11
"434",13,0,2,0,0,2022-12-09 12:35:54,15
"435",11,0,3,0,0,2022-12-09 12:35:54,14
"436",7,0,8,0,0,2022-12-09 12:35:54,15
"437",0,0,15,0,0,2022-12-09 12:35:54,15
"438",16,0,1,0,0,2022-12-09 12:35:54,17
"439",2,0,15,1,0,2022-12-09 12:35:54,18
"440",3,0,16,0,0,2022-12-09 12:35:54,19
"441",15,0,4,0,0,2022-12-09 12:35:54,19
"442",10,0,4,0,1,2022-12-09 12:35:54,13
"443",2,0,21,0,0,2022-12-09 12:35:54,23
"444",15,0,4,1,0,2022-12-09 12:35:54,20
"445",11,0,4,0,0,2022-12-09 12:35:54,15
"446",6,0,9,0,0,2022-12-09 12:35:54,15
"447",6,0,5,0,0,2022-12-09 12:35:54,11
"448",1,0,14,0,0,2022-12-09 12:35:54,15
"449",13,0,2,0,0,2022-12-09 12:35:54,15
"450",6,0,5,1,0,2022-12-09 12:35:54,12
"451",9,0,6,0,0,2022-12-09 12:35:54,15
"452",12,0,3,0,0,2022-12-09 12:35:54,15
"453",17,0,2,0,0,2022-12-09 12:35:54,19
"454",19,0,0,0,0,2022-12-09 12:35:54,19
"455",2,0,13,1,0,2022-12-09 12:35:54,16
"456",11,0,4,2,0,2022-12-09 12:35:54,17
"457",4,0,7,0,0,2022-12-09 12:35:54,11
"458",8,0,10,0,1,2022-12-09 12:35:54,17
"459",10,0,5,1,0,2022-12-09 12:35:54,16
"460",4,0,11,1,0,2022-12-09 12:35:54,16
"461",7,0,8,3,0,2022-12-09 12:35:54,18
"462",17,0,1,0,0,2022-12-09 12:35:54,18
"463",13,0,2,0,0,2022-12-09 12:35:54,15
"464",13,0,2,1,0,2022-12-09 12:35:54,16
"465",10,0,5,3,0,2022-12-09 12:35:54,18
"466",6,0,9,1,0,2022-12-09 12:35:54,16
"467",2,0,9,0,0,2022-12-09 12:35:54,11
"468",8,0,2,0,0,2022-12-09 12:35:54,10
"469",17,0,2,0,0,2022-12-09 12:35:54,19
"470",6,0,13,0,0,2022-12-09 12:35:54,19
"471",6,0,13,0,0,2022-12-09 12:35:54,19
"472",13,0,6,0,0,2022-12-09 12:35:54,19
"473",10,0,8,1,1,2022-12-09 12:35:54,18
"474",23,0,0,0,0,2022-12-09 12:35:54,23
"475",3,0,12,0,0,2022-12-09 12:35:54,15
"476",8,0,6,0,1,2022-12-09 12:35:54,13
"477",10,0,5,0,0,2022-12-09 12:35:54,15
"478",4,0,7,0,0,2022-12-09 12:35:54,11
"479",9,0,2,0,0,2022-12-09 12:35:54,11
"480",8,0,7,0,0,2022-12-09 12:35:54,15
"481",10,0,1,0,0,2022-12-09 12:35:54,11
"482",1,0,18,0,0,2022-12-09 12:35:54,19
"483",15,0,4,0,0,2022-12-09 12:35:54,19
"484",19,0,0,0,0,2022-12-09 12:35:54,19
"485",1,0,18,2,0,2022-12-09 12:35:54,21
"486",11,0,4,0,0,2022-12-09 12:35:54,15
"487",17,0,1,1,0,2022-12-09 12:35:54,19
"488",8,0,11,0,0,2022-12-09 12:35:54,19
"490",0,0,19,0,0,2022-12-09 12:35:54,19
"491",7,0,8,0,0,2022-12-09 12:35:54,15
"492",8,0,3,0,0,2022-12-09 12:35:54,11
"493",14,0,5,1,0,2022-12-09 12:35:54,20
"494",1,0,18,0,0,2022-12-09 12:35:54,19
"495",8,0,3,0,0,2022-12-09 12:35:54,11
"496",14,0,5,0,0,2022-12-09 12:35:54,19
"497",3,0,16,0,0,2022-12-09 12:35:54,19
"498",9,0,6,1,0,2022-12-09 12:35:54,16
"499",15,0,4,2,0,2022-12-09 12:35:54,21
"500",11,0,4,0,0,2022-12-09 12:35:54,15
"501",7,0,11,0,0,2022-12-09 12:35:54,18
"505",15,0,0,0,0,2022-12-09 12:35:54,15
"506",18,0,1,0,0,2022-12-09 12:35:54,19
"507",10,0,5,1,0,2022-12-09 12:35:54,16
"508",14,0,5,0,0,2022-12-09 12:35:54,19
"509",13,0,6,0,0,2022-12-09 12:35:54,19
"510",17,0,2,0,0,2022-12-09 12:35:54,19
"511",12,0,2,0,0,2022-12-09 12:35:54,14
"512",15,0,10,0,0,2022-12-09 12:35:54,25
"513",10,0,5,1,0,2022-12-09 12:35:54,16
"514",13,0,2,0,0,2022-12-09 12:35:54,15
"515",12,0,4,0,0,2022-12-09 12:35:54,16
"516",4,0,11,0,0,2022-12-09 12:35:54,15
"517",6,0,8,0,0,2022-12-09 12:35:54,14
"518",8,0,7,0,0,2022-12-09 12:35:54,15
"519",4,0,11,1,0,2022-12-09 12:35:54,16
"520",8,0,5,0,0,2022-12-09 12:35:54,13
"521",4,0,11,1,0,2022-12-09 12:35:54,16
"522",17,0,0,0,0,2022-12-09 12:35:54,17
"523",5,0,11,0,0,2022-12-09 12:35:54,16
"524",1,0,14,0,0,2022-12-09 12:35:54,15
"525",0,0,15,0,0,2022-12-09 12:35:54,15
"527",9,0,13,0,1,2022-12-09 12:35:54,21
"530",9,0,6,0,0,2022-12-09 12:35:54,15
"531",11,0,8,0,0,2022-12-09 12:35:54,19
"532",18,0,0,0,0,2022-12-09 12:35:54,18
"533",2,0,17,4,0,2022-12-09 12:35:54,23
"534",6,0,12,1,0,2022-12-09 12:35:54,19
"535",2,0,16,1,1,2022-12-09 12:35:54,18
"536",9,0,4,0,2,2022-12-09 12:35:54,11
"537",12,0,3,0,0,2022-12-09 12:35:54,15
"538",18,0,1,0,0,2022-12-09 12:35:54,19
"539",6,0,13,0,0,2022-12-09 12:35:54,19
"540",19,0,0,0,0,2022-12-09 12:35:54,19
"542",1,0,10,0,0,2022-12-09 12:35:54,11
"543",3,0,16,0,0,2022-12-09 12:35:54,19
"544",13,0,6,0,0,2022-12-09 12:35:54,19
"545",14,0,4,0,1,2022-12-09 12:35:54,17
"546",4,0,29,0,0,2022-12-09 12:35:54,33
"547",5,0,12,0,0,2022-12-09 12:35:54,17
"548",18,0,1,0,0,2022-12-09 12:35:54,19
"549",5,0,18,2,0,2022-12-09 12:35:54,25
"550",18,0,1,1,0,2022-12-09 12:35:54,20
"551",17,0,2,0,0,2022-12-09 12:35:54,19
"552",6,0,12,0,1,2022-12-09 12:35:54,17
"553",13,0,6,0,0,2022-12-09 12:35:54,19
"554",12,0,6,0,1,2022-12-09 12:35:54,17
"555",15,0,4,0,0,2022-12-09 12:35:54,19
"556",9,0,8,0,2,2022-12-09 12:35:54,15
"560",9,0,10,0,0,2022-12-09 12:35:54,19
"561",4,0,11,0,0,2022-12-09 12:35:54,15
"562",5,0,10,1,0,2022-12-09 12:35:54,16
"563",13,0,2,0,0,2022-12-09 12:35:54,15
"564",8,0,7,0,0,2022-12-09 12:35:54,15
"565",11,0,4,0,0,2022-12-09 12:35:54,15
"566",11,0,4,0,0,2022-12-09 12:35:54,15
"567",7,0,10,1,0,2022-12-09 12:35:54,18
"568",8,0,6,0,0,2022-12-09 12:35:54,14
"569",7,0,8,0,0,2022-12-09 12:35:54,15
"570",8,0,6,0,0,2022-12-09 12:35:54,14
"571",7,0,5,1,0,2022-12-09 12:35:54,13
"572",0,0,12,1,0,2022-12-09 12:35:54,13
"573",2,0,10,0,0,2022-12-09 12:35:54,12
"574",4,0,8,0,0,2022-12-09 12:35:54,12
"575",2,0,10,0,0,2022-12-09 12:35:54,12
"576",10,0,2,1,0,2022-12-09 12:35:54,13
"577",0,0,12,0,0,2022-12-09 12:35:54,12
"578",8,0,4,0,0,2022-12-09 12:35:54,12
"579",4,0,8,0,0,2022-12-09 12:35:54,12
"580",12,0,0,0,0,2022-12-09 12:35:54,12
"581",14,0,5,0,0,2022-12-09 12:35:54,19
"582",5,0,6,0,0,2022-12-09 12:35:54,11
"583",5,0,14,2,0,2022-12-09 12:35:54,21
"584",7,0,4,0,0,2022-12-09 12:35:54,11
"585",2,0,8,0,0,2022-12-09 12:35:54,10
"586",12,0,7,0,0,2022-12-09 12:35:54,19
"587",14,0,5,0,0,2022-12-09 12:35:54,19
"588",13,0,2,0,0,2022-12-09 12:35:54,15
"589",12,0,7,2,0,2022-12-09 12:35:54,21
"590",19,0,0,0,0,2022-12-09 12:35:54,19
"591",26,0,1,0,0,2022-12-09 12:35:54,27
"592",12,0,7,0,0,2022-12-09 12:35:54,19
"593",9,0,7,1,0,2022-12-09 12:35:54,17
"594",14,0,5,0,0,2022-12-09 12:35:54,19
"595",11,0,6,0,0,2022-12-09 12:35:54,17
"596",7,0,10,0,0,2022-12-09 12:35:54,17
"597",13,0,4,0,0,2022-12-09 12:35:54,17
"598",9,0,2,0,0,2022-12-09 12:35:54,11
"599",13,0,1,0,0,2022-12-09 12:35:54,14
"601",3,0,11,0,1,2022-12-09 12:35:54,13
"602",9,0,10,1,0,2022-12-09 12:35:54,20
"603",15,0,3,1,0,2022-12-09 12:35:54,19
"604",11,0,4,0,0,2022-12-09 12:35:54,15
"605",7,0,10,2,1,2022-12-09 12:35:54,18
"606",7,0,12,1,0,2022-12-09 12:35:54,20
"607",12,0,7,0,0,2022-12-09 12:35:54,19
"608",18,0,1,0,0,2022-12-09 12:35:54,19
"609",2,0,14,0,0,2022-12-09 12:35:54,16
"610",7,0,12,0,0,2022-12-09 12:35:54,19
"611",7,0,10,3,0,2022-12-09 12:35:54,20
"612",11,0,8,0,0,2022-12-09 12:35:54,19
"613",18,0,1,0,0,2022-12-09 12:35:54,19
"614",11,0,4,0,0,2022-12-09 12:35:54,15
"615",19,0,4,0,0,2022-12-09 12:35:54,23
"616",17,0,2,1,0,2022-12-09 12:35:54,20
"617",13,0,6,0,0,2022-12-09 12:35:54,19
"618",14,0,5,0,0,2022-12-09 12:35:54,19
"619",8,0,11,0,0,2022-12-09 12:35:54,19
"620",18,0,1,0,0,2022-12-09 12:35:54,19
"621",13,0,6,0,0,2022-12-09 12:35:54,19
"622",11,0,1,0,0,2022-12-09 12:35:54,12
"623",3,0,16,0,0,2022-12-09 12:35:54,19
"624",14,0,4,0,1,2022-12-09 12:35:54,17
"625",5,0,6,0,0,2022-12-09 12:35:54,11
"626",15,0,2,0,0,2022-12-09 12:35:54,17
"628",8,0,4,0,0,2022-12-09 12:35:54,12
"629",15,0,4,0,0,2022-12-09 12:35:54,19
"630",9,0,5,0,0,2022-12-09 12:35:54,14
"632",9,0,5,0,0,2022-12-09 12:35:54,14
"633",15,0,4,1,0,2022-12-09 12:35:54,20
"634",11,0,7,0,1,2022-12-09 12:35:54,17
"636",13,0,0,0,2,2022-12-09 12:35:54,11
"637",15,0,4,0,0,2022-12-09 12:35:54,19
"638",18,0,1,0,0,2022-12-09 12:35:54,19
"639",6,0,13,0,0,2022-12-09 12:35:54,19
"640",14,0,5,1,0,2022-12-09 12:35:54,20
"641",15,0,0,0,0,2022-12-09 12:35:54,15
"642",2,0,17,0,0,2022-12-09 12:35:54,19
"643",6,0,5,0,0,2022-12-09 12:35:54,11
"645",13,0,6,0,0,2022-12-09 12:35:54,19
"646",3,0,15,0,0,2022-12-09 12:35:54,18
"647",8,0,11,0,0,2022-12-09 12:35:54,19
"648",1,0,18,0,0,2022-12-09 12:35:54,19
"649",6,0,7,0,0,2022-12-09 12:35:54,13
"650",14,0,1,0,0,2022-12-09 12:35:54,15
"651",11,0,4,0,0,2022-12-09 12:35:54,15
"652",12,0,4,0,0,2022-12-09 12:35:54,16
"653",11,0,4,0,0,2022-12-09 12:35:54,15
"654",10,0,9,0,0,2022-12-09 12:35:54,19
"655",11,0,8,0,0,2022-12-09 12:35:54,19
"656",18,0,1,0,0,2022-12-09 12:35:54,19
"657",6,0,17,0,0,2022-12-09 12:35:54,23
"659",14,0,5,0,0,2022-12-09 12:35:54,19
"662",6,0,5,0,0,2022-12-09 12:35:54,11
"663",14,0,1,0,0,2022-12-09 12:35:54,15
"664",12,0,3,0,0,2022-12-09 12:35:54,15
"665",9,0,10,1,0,2022-12-09 12:35:54,20
"667",6,0,5,0,0,2022-12-09 12:35:54,11
"668",13,0,2,0,0,2022-12-09 12:35:54,15
"669",9,0,2,0,0,2022-12-09 12:35:54,11
"670",10,0,11,0,0,2022-12-09 12:35:54,21
"671",10,0,4,0,1,2022-12-09 12:35:54,13
"672",10,0,5,0,0,2022-12-09 12:35:54,15
"673",7,0,8,0,0,2022-12-09 12:35:54,15
"674",6,0,3,0,1,2022-12-09 12:35:54,8
"676",5,0,7,0,0,2022-12-09 12:35:54,12
"678",7,0,5,0,0,2022-12-09 12:35:54,12
"679",5,0,7,0,0,2022-12-09 12:35:54,12
"680",8,0,4,0,0,2022-12-09 12:35:54,12
"682",6,0,6,0,0,2022-12-09 12:35:54,12
"684",5,0,7,0,0,2022-12-09 12:35:54,12
"686",9,0,3,0,0,2022-12-09 12:35:54,12
"687",6,0,6,0,0,2022-12-09 12:35:54,12
"688",10,0,2,0,0,2022-12-09 12:35:54,12
"689",7,0,5,0,0,2022-12-09 12:35:54,12
"690",4,0,7,0,0,2022-12-09 12:35:54,11
"691",8,0,4,0,0,2022-12-09 12:35:54,12
"692",6,0,5,1,0,2022-12-09 12:35:54,12
"693",8,0,3,0,0,2022-12-09 12:35:54,11
"694",18,0,1,0,0,2022-12-09 12:35:54,19
"695",5,0,7,0,0,2022-12-09 12:35:54,12
"696",12,0,0,0,0,2022-12-09 12:35:54,12
"697",18,0,1,0,0,2022-12-09 12:35:54,19
"698",11,0,4,1,0,2022-12-09 12:35:54,16
"701",4,0,7,0,0,2022-12-09 12:35:54,11
"702",4,0,8,0,0,2022-12-09 12:35:54,12
"704",19,0,0,0,0,2022-12-09 12:35:54,19
"705",15,0,4,0,0,2022-12-09 12:35:54,19
"706",6,0,13,0,0,2022-12-09 12:35:54,19
"707",19,0,0,0,0,2022-12-09 12:35:54,19
"708",18,0,1,0,0,2022-12-09 12:35:54,19
"709",10,0,5,0,0,2022-12-09 12:35:54,15
"710",14,0,1,0,0,2022-12-09 12:35:54,15
"711",7,0,8,0,0,2022-12-09 12:35:54,15
"712",18,0,1,0,0,2022-12-09 12:35:54,19
"713",0,0,11,0,0,2022-12-09 12:35:54,11
"715",12,0,4,0,0,2022-12-09 12:35:54,16
"716",9,0,3,0,0,2022-12-09 12:35:54,12
"717",15,0,4,0,0,2022-12-09 12:35:54,19
"718",3,0,13,0,0,2022-12-09 12:35:54,16
"719",8,0,3,0,0,2022-12-09 12:35:54,11
"720",11,0,4,0,0,2022-12-09 12:35:54,15
"721",10,0,5,0,0,2022-12-09 12:35:54,15
"722",5,0,5,0,0,2022-12-09 12:35:54,10
"724",12,0,4,0,0,2022-12-09 12:35:54,16
"725",12,0,3,0,0,2022-12-09 12:35:54,15
"726",1,0,14,1,0,2022-12-09 12:35:54,16
"727",9,0,10,0,0,2022-12-09 12:35:54,19
"728",15,0,3,0,1,2022-12-09 12:35:54,17
"729",16,0,0,0,0,2022-12-09 12:35:54,16
"730",10,0,4,0,0,2022-12-09 12:35:54,14
"731",6,0,7,0,0,2022-12-09 12:35:54,13
"732",13,0,2,0,0,2022-12-09 12:35:54,15
"734",4,0,7,0,0,2022-12-09 12:35:54,11
"735",5,0,13,0,1,2022-12-09 12:35:54,17
"736",8,0,10,1,1,2022-12-09 12:35:54,18
"737",11,0,6,1,0,2022-12-09 12:35:54,18
"738",23,0,0,0,0,2022-12-09 12:35:54,23
"739",2,0,16,0,0,2022-12-09 12:35:54,18
"740",15,0,0,0,0,2022-12-09 12:35:54,15
"741",6,0,13,0,0,2022-12-09 12:35:54,19
"742",18,0,1,0,0,2022-12-09 12:35:54,19
"743",6,0,8,0,1,2022-12-09 12:35:54,13
"744",12,0,4,0,0,2022-12-09 12:35:54,16
"745",4,0,8,0,0,2022-12-09 12:35:54,12
"746",10,0,9,0,0,2022-12-09 12:35:54,19
"747",7,0,11,0,1,2022-12-09 12:35:54,17
"748",15,0,4,1,0,2022-12-09 12:35:54,20
"749",14,0,1,0,0,2022-12-09 12:35:54,15
"750",15,0,2,0,0,2022-12-09 12:35:54,17
"751",4,0,11,0,0,2022-12-09 12:35:54,15
"752",8,0,7,1,0,2022-12-09 12:35:54,16
"753",13,0,6,0,0,2022-12-09 12:35:54,19
